id,firstname,lastname,email,email2,profession,Field Name
100,Ethel,Heidt,Ethel.Heidt@yopmail.com,Ethel.Heidt@gmail.com,police officer,1
101,Ira,Uird,Ira.Uird@yopmail.com,Ira.Uird@gmail.com,police officer,2
102,Rubie,Bibi,Rubie.Bibi@yopmail.com,Rubie.Bibi@gmail.com,police officer,3
103,Concettina,Germann,Concettina.Germann@yopmail.com,Concettina.Germann@gmail.com,doctor,4
104,Aimil,Middleton,Aimil.Middleton@yopmail.com,Aimil.Middleton@gmail.com,police officer,5
105,Marika,Jacinda,Marika.Jacinda@yopmail.com,Marika.Jacinda@gmail.com,firefighter,6
106,Kimberley,Swigart,Kimberley.Swigart@yopmail.com,Kimberley.Swigart@gmail.com,police officer,7
107,Mireielle,Darian,Mireielle.Darian@yopmail.com,Mireielle.Darian@gmail.com,doctor,8
108,Deloria,Thad,Deloria.Thad@yopmail.com,Deloria.Thad@gmail.com,firefighter,9
109,Hyacinthe,Chick,Hyacinthe.Chick@yopmail.com,Hyacinthe.Chick@gmail.com,police officer,10
110,Vevay,Gombach,Vevay.Gombach@yopmail.com,Vevay.Gombach@gmail.com,police officer,11
111,Agathe,Cherianne,Agathe.Cherianne@yopmail.com,Agathe.Cherianne@gmail.com,firefighter,12
112,Petronia,Fabiola,Petronia.Fabiola@yopmail.com,Petronia.Fabiola@gmail.com,worker,13
113,Jessamyn,Yerkovich,Jessamyn.Yerkovich@yopmail.com,Jessamyn.Yerkovich@gmail.com,doctor,14
114,Hollie,Avi,Hollie.Avi@yopmail.com,Hollie.Avi@gmail.com,developer,15
115,Louella,Mendez,Louella.Mendez@yopmail.com,Louella.Mendez@gmail.com,doctor,16
116,Cyndie,Shama,Cyndie.Shama@yopmail.com,Cyndie.Shama@gmail.com,police officer,17
117,Thalia,Horan,Thalia.Horan@yopmail.com,Thalia.Horan@gmail.com,firefighter,18
118,Veda,Florina,Veda.Florina@yopmail.com,Veda.Florina@gmail.com,developer,19
119,Viviene,Gilmour,Viviene.Gilmour@yopmail.com,Viviene.Gilmour@gmail.com,worker,20
120,Joceline,Lilas,Joceline.Lilas@yopmail.com,Joceline.Lilas@gmail.com,firefighter,21
121,Siana,Jerold,Siana.Jerold@yopmail.com,Siana.Jerold@gmail.com,police officer,22
122,Ninnetta,Burnside,Ninnetta.Burnside@yopmail.com,Ninnetta.Burnside@gmail.com,developer,23
123,Beth,Nedrud,Beth.Nedrud@yopmail.com,Beth.Nedrud@gmail.com,developer,24
124,Winifred,Krystle,Winifred.Krystle@yopmail.com,Winifred.Krystle@gmail.com,developer,25
125,Sherrie,Gusella,Sherrie.Gusella@yopmail.com,Sherrie.Gusella@gmail.com,developer,26
126,Melanie,Gabrielli,Melanie.Gabrielli@yopmail.com,Melanie.Gabrielli@gmail.com,firefighter,27
127,Catrina,Wiener,Catrina.Wiener@yopmail.com,Catrina.Wiener@gmail.com,firefighter,28
128,Flo,Barney,Flo.Barney@yopmail.com,Flo.Barney@gmail.com,developer,29
129,Wynne,Tound,Wynne.Tound@yopmail.com,Wynne.Tound@gmail.com,firefighter,30
130,Daryl,Vittoria,Daryl.Vittoria@yopmail.com,Daryl.Vittoria@gmail.com,doctor,31
131,Jackie,Idelia,Jackie.Idelia@yopmail.com,Jackie.Idelia@gmail.com,developer,32
132,Annabela,Vharat,Annabela.Vharat@yopmail.com,Annabela.Vharat@gmail.com,doctor,33
133,Bernardine,Kellby,Bernardine.Kellby@yopmail.com,Bernardine.Kellby@gmail.com,worker,34
134,Wendi,Fulmer,Wendi.Fulmer@yopmail.com,Wendi.Fulmer@gmail.com,developer,35
135,Sissy,Giule,Sissy.Giule@yopmail.com,Sissy.Giule@gmail.com,developer,36
136,Valeda,Judye,Valeda.Judye@yopmail.com,Valeda.Judye@gmail.com,worker,37
137,Viki,Urias,Viki.Urias@yopmail.com,Viki.Urias@gmail.com,firefighter,38
138,Barbara,Buckler,Barbara.Buckler@yopmail.com,Barbara.Buckler@gmail.com,doctor,39
139,Benita,Desai,Benita.Desai@yopmail.com,Benita.Desai@gmail.com,doctor,40
140,Cassandra,Dulciana,Cassandra.Dulciana@yopmail.com,Cassandra.Dulciana@gmail.com,developer,41
141,Melina,Melony,Melina.Melony@yopmail.com,Melina.Melony@gmail.com,developer,42
142,Drucie,Jerald,Drucie.Jerald@yopmail.com,Drucie.Jerald@gmail.com,police officer,43
143,Edith,Sallyann,Edith.Sallyann@yopmail.com,Edith.Sallyann@gmail.com,doctor,44
144,Raf,Willie,Raf.Willie@yopmail.com,Raf.Willie@gmail.com,worker,45
145,Linzy,Odysseus,Linzy.Odysseus@yopmail.com,Linzy.Odysseus@gmail.com,worker,46
146,Gerrie,Anton,Gerrie.Anton@yopmail.com,Gerrie.Anton@gmail.com,doctor,47
147,Janey,Cleavland,Janey.Cleavland@yopmail.com,Janey.Cleavland@gmail.com,worker,48
148,Perry,Maisey,Perry.Maisey@yopmail.com,Perry.Maisey@gmail.com,firefighter,49
149,Ira,Sothena,Ira.Sothena@yopmail.com,Ira.Sothena@gmail.com,firefighter,50
150,Liana,Simmonds,Liana.Simmonds@yopmail.com,Liana.Simmonds@gmail.com,worker,51
151,Vinita,Clie,Vinita.Clie@yopmail.com,Vinita.Clie@gmail.com,doctor,52
152,Florie,Alwin,Florie.Alwin@yopmail.com,Florie.Alwin@gmail.com,developer,53
153,Larine,Lutero,Larine.Lutero@yopmail.com,Larine.Lutero@gmail.com,doctor,54
154,Ezmeralda,Raama,Ezmeralda.Raama@yopmail.com,Ezmeralda.Raama@gmail.com,doctor,55
155,Liana,Desai,Liana.Desai@yopmail.com,Liana.Desai@gmail.com,firefighter,56
156,Babita,Sadowski,Babita.Sadowski@yopmail.com,Babita.Sadowski@gmail.com,worker,57
157,Berget,Germann,Berget.Germann@yopmail.com,Berget.Germann@gmail.com,worker,58
158,Ursulina,Nicoline,Ursulina.Nicoline@yopmail.com,Ursulina.Nicoline@gmail.com,developer,59
159,Oralee,Infield,Oralee.Infield@yopmail.com,Oralee.Infield@gmail.com,firefighter,60
160,Jsandye,Skell,Jsandye.Skell@yopmail.com,Jsandye.Skell@gmail.com,police officer,61
161,Phylis,Berriman,Phylis.Berriman@yopmail.com,Phylis.Berriman@gmail.com,firefighter,62
162,Evaleen,Merriott,Evaleen.Merriott@yopmail.com,Evaleen.Merriott@gmail.com,doctor,63
163,Natka,Alejoa,Natka.Alejoa@yopmail.com,Natka.Alejoa@gmail.com,firefighter,64
164,Di,Oscar,Di.Oscar@yopmail.com,Di.Oscar@gmail.com,doctor,65
165,Jenilee,Mullane,Jenilee.Mullane@yopmail.com,Jenilee.Mullane@gmail.com,doctor,66
166,Sadie,Danby,Sadie.Danby@yopmail.com,Sadie.Danby@gmail.com,firefighter,67
167,Andree,Margret,Andree.Margret@yopmail.com,Andree.Margret@gmail.com,police officer,68
168,Sindee,Rubie,Sindee.Rubie@yopmail.com,Sindee.Rubie@gmail.com,doctor,69
169,Andeee,Eliathas,Andeee.Eliathas@yopmail.com,Andeee.Eliathas@gmail.com,doctor,70
170,Marika,Judye,Marika.Judye@yopmail.com,Marika.Judye@gmail.com,firefighter,71
171,Tabbatha,Tufts,Tabbatha.Tufts@yopmail.com,Tabbatha.Tufts@gmail.com,police officer,72
172,Elyssa,Trey,Elyssa.Trey@yopmail.com,Elyssa.Trey@gmail.com,developer,73
173,Tonia,Lia,Tonia.Lia@yopmail.com,Tonia.Lia@gmail.com,doctor,74
174,Tamqrah,Warthman,Tamqrah.Warthman@yopmail.com,Tamqrah.Warthman@gmail.com,firefighter,75
175,Brynna,Margarete,Brynna.Margarete@yopmail.com,Brynna.Margarete@gmail.com,worker,76
176,Kristina,Anastatius,Kristina.Anastatius@yopmail.com,Kristina.Anastatius@gmail.com,worker,77
177,Dulce,Creamer,Dulce.Creamer@yopmail.com,Dulce.Creamer@gmail.com,developer,78
178,Corly,Mike,Corly.Mike@yopmail.com,Corly.Mike@gmail.com,worker,79
179,Dacia,Yoko,Dacia.Yoko@yopmail.com,Dacia.Yoko@gmail.com,firefighter,80
180,Daune,Schonfeld,Daune.Schonfeld@yopmail.com,Daune.Schonfeld@gmail.com,developer,81
181,Laure,Kristi,Laure.Kristi@yopmail.com,Laure.Kristi@gmail.com,worker,82
182,Brana,Wesle,Brana.Wesle@yopmail.com,Brana.Wesle@gmail.com,doctor,83
183,Molli,Trace,Molli.Trace@yopmail.com,Molli.Trace@gmail.com,developer,84
184,Babita,Maryanne,Babita.Maryanne@yopmail.com,Babita.Maryanne@gmail.com,police officer,85
185,Damaris,Francene,Damaris.Francene@yopmail.com,Damaris.Francene@gmail.com,worker,86
186,Pierette,Ader,Pierette.Ader@yopmail.com,Pierette.Ader@gmail.com,worker,87
187,Gabriellia,Wolfgram,Gabriellia.Wolfgram@yopmail.com,Gabriellia.Wolfgram@gmail.com,police officer,88
188,Chere,Kenney,Chere.Kenney@yopmail.com,Chere.Kenney@gmail.com,police officer,89
189,Karolina,Merriott,Karolina.Merriott@yopmail.com,Karolina.Merriott@gmail.com,doctor,90
190,Sophia,Bord,Sophia.Bord@yopmail.com,Sophia.Bord@gmail.com,doctor,91
191,Willetta,Buttaro,Willetta.Buttaro@yopmail.com,Willetta.Buttaro@gmail.com,police officer,92
192,Carolina,Clarissa,Carolina.Clarissa@yopmail.com,Carolina.Clarissa@gmail.com,firefighter,93
193,Aimil,Clywd,Aimil.Clywd@yopmail.com,Aimil.Clywd@gmail.com,police officer,94
194,Sue,Reneta,Sue.Reneta@yopmail.com,Sue.Reneta@gmail.com,developer,95
195,Dorthy,Yate,Dorthy.Yate@yopmail.com,Dorthy.Yate@gmail.com,developer,96
196,Dotty,Stelle,Dotty.Stelle@yopmail.com,Dotty.Stelle@gmail.com,developer,97
197,Ingrid,Hirsch,Ingrid.Hirsch@yopmail.com,Ingrid.Hirsch@gmail.com,developer,98
198,Charissa,Cosenza,Charissa.Cosenza@yopmail.com,Charissa.Cosenza@gmail.com,firefighter,99
199,Brena,Lissi,Brena.Lissi@yopmail.com,Brena.Lissi@gmail.com,worker,100
200,Frank,Nore,Frank.Nore@yopmail.com,Frank.Nore@gmail.com,developer,101
201,Kamilah,Monaco,Kamilah.Monaco@yopmail.com,Kamilah.Monaco@gmail.com,firefighter,102
202,Eolanda,Gwenore,Eolanda.Gwenore@yopmail.com,Eolanda.Gwenore@gmail.com,firefighter,103
203,Mariele,Daegal,Mariele.Daegal@yopmail.com,Mariele.Daegal@gmail.com,police officer,104
204,Blondelle,Belldas,Blondelle.Belldas@yopmail.com,Blondelle.Belldas@gmail.com,firefighter,105
205,Harrietta,Gaal,Harrietta.Gaal@yopmail.com,Harrietta.Gaal@gmail.com,worker,106
206,Mathilda,Dielu,Mathilda.Dielu@yopmail.com,Mathilda.Dielu@gmail.com,doctor,107
207,Tomasina,Verger,Tomasina.Verger@yopmail.com,Tomasina.Verger@gmail.com,firefighter,108
208,Philis,Phi,Philis.Phi@yopmail.com,Philis.Phi@gmail.com,worker,109
209,Lenna,Rese,Lenna.Rese@yopmail.com,Lenna.Rese@gmail.com,police officer,110
210,Jillayne,Casimir,Jillayne.Casimir@yopmail.com,Jillayne.Casimir@gmail.com,doctor,111
211,Caressa,Fosque,Caressa.Fosque@yopmail.com,Caressa.Fosque@gmail.com,firefighter,112
212,Dianemarie,Adamsen,Dianemarie.Adamsen@yopmail.com,Dianemarie.Adamsen@gmail.com,worker,113
213,Flo,Rese,Flo.Rese@yopmail.com,Flo.Rese@gmail.com,police officer,114
214,Asia,Ventre,Asia.Ventre@yopmail.com,Asia.Ventre@gmail.com,doctor,115
215,Katleen,Yate,Katleen.Yate@yopmail.com,Katleen.Yate@gmail.com,doctor,116
216,Atlanta,Alejoa,Atlanta.Alejoa@yopmail.com,Atlanta.Alejoa@gmail.com,doctor,117
217,Carol-Jean,Joeann,Carol-Jean.Joeann@yopmail.com,Carol-Jean.Joeann@gmail.com,doctor,118
218,Ernesta,Rese,Ernesta.Rese@yopmail.com,Ernesta.Rese@gmail.com,firefighter,119
219,Bibby,Audly,Bibby.Audly@yopmail.com,Bibby.Audly@gmail.com,police officer,120
220,Corry,Emerson,Corry.Emerson@yopmail.com,Corry.Emerson@gmail.com,firefighter,121
221,Elmira,Gaspard,Elmira.Gaspard@yopmail.com,Elmira.Gaspard@gmail.com,firefighter,122
222,Carilyn,Lory,Carilyn.Lory@yopmail.com,Carilyn.Lory@gmail.com,firefighter,123
223,Cyndie,Adrienne,Cyndie.Adrienne@yopmail.com,Cyndie.Adrienne@gmail.com,police officer,124
224,Maye,Greenwald,Maye.Greenwald@yopmail.com,Maye.Greenwald@gmail.com,police officer,125
225,Minda,Johnsson,Minda.Johnsson@yopmail.com,Minda.Johnsson@gmail.com,worker,126
226,Lorenza,McNully,Lorenza.McNully@yopmail.com,Lorenza.McNully@gmail.com,police officer,127
227,Zsa Zsa,Felizio,Zsa Zsa.Felizio@yopmail.com,Zsa Zsa.Felizio@gmail.com,police officer,128
228,Noelle,Katrine,Noelle.Katrine@yopmail.com,Noelle.Katrine@gmail.com,developer,129
229,Jennica,Sandye,Jennica.Sandye@yopmail.com,Jennica.Sandye@gmail.com,worker,130
230,Livvyy,Voletta,Livvyy.Voletta@yopmail.com,Livvyy.Voletta@gmail.com,police officer,131
231,Marika,Weide,Marika.Weide@yopmail.com,Marika.Weide@gmail.com,police officer,132
232,Vere,Hepsibah,Vere.Hepsibah@yopmail.com,Vere.Hepsibah@gmail.com,doctor,133
233,Sarette,Ammann,Sarette.Ammann@yopmail.com,Sarette.Ammann@gmail.com,worker,134
234,Maridel,Horan,Maridel.Horan@yopmail.com,Maridel.Horan@gmail.com,police officer,135
235,Charlena,Elo,Charlena.Elo@yopmail.com,Charlena.Elo@gmail.com,police officer,136
236,Max,Loring,Max.Loring@yopmail.com,Max.Loring@gmail.com,firefighter,137
237,Tomasina,Garlinda,Tomasina.Garlinda@yopmail.com,Tomasina.Garlinda@gmail.com,worker,138
238,Patricia,Solitta,Patricia.Solitta@yopmail.com,Patricia.Solitta@gmail.com,developer,139
239,Jinny,Friede,Jinny.Friede@yopmail.com,Jinny.Friede@gmail.com,firefighter,140
240,Rhoda,Rustice,Rhoda.Rustice@yopmail.com,Rhoda.Rustice@gmail.com,developer,141
241,Christal,Odysseus,Christal.Odysseus@yopmail.com,Christal.Odysseus@gmail.com,firefighter,142
242,Selma,Stoller,Selma.Stoller@yopmail.com,Selma.Stoller@gmail.com,firefighter,143
243,Oona,Louanna,Oona.Louanna@yopmail.com,Oona.Louanna@gmail.com,firefighter,144
244,Cristabel,Nisbet,Cristabel.Nisbet@yopmail.com,Cristabel.Nisbet@gmail.com,firefighter,145
245,Rosanne,Sharl,Rosanne.Sharl@yopmail.com,Rosanne.Sharl@gmail.com,doctor,146
246,Arlena,Penelopa,Arlena.Penelopa@yopmail.com,Arlena.Penelopa@gmail.com,police officer,147
247,Angelique,Georas,Angelique.Georas@yopmail.com,Angelique.Georas@gmail.com,firefighter,148
248,Marnia,Erskine,Marnia.Erskine@yopmail.com,Marnia.Erskine@gmail.com,doctor,149
249,Helena,Roarke,Helena.Roarke@yopmail.com,Helena.Roarke@gmail.com,worker,150
250,Caryl,Dimitris,Caryl.Dimitris@yopmail.com,Caryl.Dimitris@gmail.com,doctor,151
251,Kassey,Leifeste,Kassey.Leifeste@yopmail.com,Kassey.Leifeste@gmail.com,worker,152
252,Nelle,Eliathas,Nelle.Eliathas@yopmail.com,Nelle.Eliathas@gmail.com,worker,153
253,Alex,Gordon,Alex.Gordon@yopmail.com,Alex.Gordon@gmail.com,developer,154
254,Fidelia,Hewitt,Fidelia.Hewitt@yopmail.com,Fidelia.Hewitt@gmail.com,worker,155
255,Augustine,Persse,Augustine.Persse@yopmail.com,Augustine.Persse@gmail.com,police officer,156
256,Goldie,Raama,Goldie.Raama@yopmail.com,Goldie.Raama@gmail.com,doctor,157
257,Lizzie,Fulmer,Lizzie.Fulmer@yopmail.com,Lizzie.Fulmer@gmail.com,developer,158
258,Shaylyn,Francyne,Shaylyn.Francyne@yopmail.com,Shaylyn.Francyne@gmail.com,police officer,159
259,Maud,Dearborn,Maud.Dearborn@yopmail.com,Maud.Dearborn@gmail.com,worker,160
260,Hope,Hoenack,Hope.Hoenack@yopmail.com,Hope.Hoenack@gmail.com,developer,161
261,Raquela,Urias,Raquela.Urias@yopmail.com,Raquela.Urias@gmail.com,firefighter,162
262,Winifred,Rheingold,Winifred.Rheingold@yopmail.com,Winifred.Rheingold@gmail.com,developer,163
263,Gui,Zina,Gui.Zina@yopmail.com,Gui.Zina@gmail.com,firefighter,164
264,Ulrike,Emerson,Ulrike.Emerson@yopmail.com,Ulrike.Emerson@gmail.com,developer,165
265,Shirlee,Sherfield,Shirlee.Sherfield@yopmail.com,Shirlee.Sherfield@gmail.com,developer,166
266,Aeriela,Killigrew,Aeriela.Killigrew@yopmail.com,Aeriela.Killigrew@gmail.com,firefighter,167
267,Beth,Aurelio,Beth.Aurelio@yopmail.com,Beth.Aurelio@gmail.com,police officer,168
268,Romona,Center,Romona.Center@yopmail.com,Romona.Center@gmail.com,developer,169
269,Selma,Karna,Selma.Karna@yopmail.com,Selma.Karna@gmail.com,doctor,170
270,Fred,Garrison,Fred.Garrison@yopmail.com,Fred.Garrison@gmail.com,doctor,171
271,Cassondra,Ledah,Cassondra.Ledah@yopmail.com,Cassondra.Ledah@gmail.com,developer,172
272,Mahalia,Mozelle,Mahalia.Mozelle@yopmail.com,Mahalia.Mozelle@gmail.com,firefighter,173
273,Debee,Blase,Debee.Blase@yopmail.com,Debee.Blase@gmail.com,police officer,174
274,Liana,Franza,Liana.Franza@yopmail.com,Liana.Franza@gmail.com,worker,175
275,Trixi,Dunkin,Trixi.Dunkin@yopmail.com,Trixi.Dunkin@gmail.com,police officer,176
276,Selia,Wyn,Selia.Wyn@yopmail.com,Selia.Wyn@gmail.com,firefighter,177
277,Ardeen,Pip,Ardeen.Pip@yopmail.com,Ardeen.Pip@gmail.com,firefighter,178
278,Rubie,Gilmour,Rubie.Gilmour@yopmail.com,Rubie.Gilmour@gmail.com,firefighter,179
279,Ida,Johanna,Ida.Johanna@yopmail.com,Ida.Johanna@gmail.com,worker,180
280,Hermione,Liva,Hermione.Liva@yopmail.com,Hermione.Liva@gmail.com,doctor,181
281,Leanna,Tufts,Leanna.Tufts@yopmail.com,Leanna.Tufts@gmail.com,worker,182
282,Glenda,Barrus,Glenda.Barrus@yopmail.com,Glenda.Barrus@gmail.com,developer,183
283,Goldie,Hylan,Goldie.Hylan@yopmail.com,Goldie.Hylan@gmail.com,firefighter,184
284,Josephine,Bearnard,Josephine.Bearnard@yopmail.com,Josephine.Bearnard@gmail.com,worker,185
285,Sissy,Couture,Sissy.Couture@yopmail.com,Sissy.Couture@gmail.com,doctor,186
286,Xylina,Urias,Xylina.Urias@yopmail.com,Xylina.Urias@gmail.com,developer,187
287,Gale,Ochs,Gale.Ochs@yopmail.com,Gale.Ochs@gmail.com,developer,188
288,Blinni,Persse,Blinni.Persse@yopmail.com,Blinni.Persse@gmail.com,developer,189
289,Madeleine,Zaslow,Madeleine.Zaslow@yopmail.com,Madeleine.Zaslow@gmail.com,doctor,190
290,Clary,Dominy,Clary.Dominy@yopmail.com,Clary.Dominy@gmail.com,police officer,191
291,Bernie,Stefa,Bernie.Stefa@yopmail.com,Bernie.Stefa@gmail.com,firefighter,192
292,Fredericka,Helve,Fredericka.Helve@yopmail.com,Fredericka.Helve@gmail.com,doctor,193
293,Marika,Burch,Marika.Burch@yopmail.com,Marika.Burch@gmail.com,firefighter,194
294,Amara,Bahr,Amara.Bahr@yopmail.com,Amara.Bahr@gmail.com,doctor,195
295,Frances,Astra,Frances.Astra@yopmail.com,Frances.Astra@gmail.com,doctor,196
296,Marjie,Saree,Marjie.Saree@yopmail.com,Marjie.Saree@gmail.com,firefighter,197
297,Karina,Klotz,Karina.Klotz@yopmail.com,Karina.Klotz@gmail.com,doctor,198
298,Shell,Yorick,Shell.Yorick@yopmail.com,Shell.Yorick@gmail.com,doctor,199
299,Britte,Simmonds,Britte.Simmonds@yopmail.com,Britte.Simmonds@gmail.com,developer,200
300,Ardys,Lail,Ardys.Lail@yopmail.com,Ardys.Lail@gmail.com,worker,201
301,Chandra,McCutcheon,Chandra.McCutcheon@yopmail.com,Chandra.McCutcheon@gmail.com,developer,202
302,Karina,Tannie,Karina.Tannie@yopmail.com,Karina.Tannie@gmail.com,doctor,203
303,Fanchon,Deny,Fanchon.Deny@yopmail.com,Fanchon.Deny@gmail.com,doctor,204
304,Regina,Avi,Regina.Avi@yopmail.com,Regina.Avi@gmail.com,police officer,205
305,Correy,Mike,Correy.Mike@yopmail.com,Correy.Mike@gmail.com,firefighter,206
306,Constance,Kimmie,Constance.Kimmie@yopmail.com,Constance.Kimmie@gmail.com,doctor,207
307,Agathe,Morehouse,Agathe.Morehouse@yopmail.com,Agathe.Morehouse@gmail.com,police officer,208
308,Ermengarde,Solitta,Ermengarde.Solitta@yopmail.com,Ermengarde.Solitta@gmail.com,doctor,209
309,Katharina,Cornelia,Katharina.Cornelia@yopmail.com,Katharina.Cornelia@gmail.com,firefighter,210
310,Eolanda,Larochelle,Eolanda.Larochelle@yopmail.com,Eolanda.Larochelle@gmail.com,police officer,211
311,Helena,Silvan,Helena.Silvan@yopmail.com,Helena.Silvan@gmail.com,firefighter,212
312,Elora,Barbey,Elora.Barbey@yopmail.com,Elora.Barbey@gmail.com,firefighter,213
313,Janenna,Ferrell,Janenna.Ferrell@yopmail.com,Janenna.Ferrell@gmail.com,developer,214
314,Corene,Esmaria,Corene.Esmaria@yopmail.com,Corene.Esmaria@gmail.com,worker,215
315,Malina,Peti,Malina.Peti@yopmail.com,Malina.Peti@gmail.com,developer,216
316,Bettine,Gahl,Bettine.Gahl@yopmail.com,Bettine.Gahl@gmail.com,firefighter,217
317,Chere,Boehike,Chere.Boehike@yopmail.com,Chere.Boehike@gmail.com,firefighter,218
318,Adele,Himelman,Adele.Himelman@yopmail.com,Adele.Himelman@gmail.com,developer,219
319,Natka,Toor,Natka.Toor@yopmail.com,Natka.Toor@gmail.com,worker,220
320,Ericka,Sasnett,Ericka.Sasnett@yopmail.com,Ericka.Sasnett@gmail.com,developer,221
321,Alyssa,Zetta,Alyssa.Zetta@yopmail.com,Alyssa.Zetta@gmail.com,worker,222
322,Rosaline,Gregrory,Rosaline.Gregrory@yopmail.com,Rosaline.Gregrory@gmail.com,doctor,223
323,Kara-Lynn,Gemini,Kara-Lynn.Gemini@yopmail.com,Kara-Lynn.Gemini@gmail.com,doctor,224
324,Blake,Teryn,Blake.Teryn@yopmail.com,Blake.Teryn@gmail.com,developer,225
325,Bee,Truc,Bee.Truc@yopmail.com,Bee.Truc@gmail.com,firefighter,226
326,Robbi,Lane,Robbi.Lane@yopmail.com,Robbi.Lane@gmail.com,doctor,227
327,Riannon,Colyer,Riannon.Colyer@yopmail.com,Riannon.Colyer@gmail.com,doctor,228
328,Linzy,Glenden,Linzy.Glenden@yopmail.com,Linzy.Glenden@gmail.com,doctor,229
329,Alisha,Tristram,Alisha.Tristram@yopmail.com,Alisha.Tristram@gmail.com,doctor,230
330,Valeda,Andrel,Valeda.Andrel@yopmail.com,Valeda.Andrel@gmail.com,worker,231
331,Raf,Dosia,Raf.Dosia@yopmail.com,Raf.Dosia@gmail.com,police officer,232
332,Sibella,Jaylene,Sibella.Jaylene@yopmail.com,Sibella.Jaylene@gmail.com,doctor,233
333,Tersina,Gavrila,Tersina.Gavrila@yopmail.com,Tersina.Gavrila@gmail.com,developer,234
334,Codie,Japeth,Codie.Japeth@yopmail.com,Codie.Japeth@gmail.com,worker,235
335,Lita,Dunkin,Lita.Dunkin@yopmail.com,Lita.Dunkin@gmail.com,developer,236
336,Maisey,Gunn,Maisey.Gunn@yopmail.com,Maisey.Gunn@gmail.com,worker,237
337,Madalyn,Natalia,Madalyn.Natalia@yopmail.com,Madalyn.Natalia@gmail.com,developer,238
338,Barbi,Garrison,Barbi.Garrison@yopmail.com,Barbi.Garrison@gmail.com,police officer,239
339,Ashlee,Bennie,Ashlee.Bennie@yopmail.com,Ashlee.Bennie@gmail.com,doctor,240
340,Katleen,Gahl,Katleen.Gahl@yopmail.com,Katleen.Gahl@gmail.com,developer,241
341,Oona,Lytton,Oona.Lytton@yopmail.com,Oona.Lytton@gmail.com,worker,242
342,Arlina,Chrystel,Arlina.Chrystel@yopmail.com,Arlina.Chrystel@gmail.com,police officer,243
343,Louella,Pierette,Louella.Pierette@yopmail.com,Louella.Pierette@gmail.com,doctor,244
344,Brandise,Malvino,Brandise.Malvino@yopmail.com,Brandise.Malvino@gmail.com,firefighter,245
345,Beatriz,Tryck,Beatriz.Tryck@yopmail.com,Beatriz.Tryck@gmail.com,developer,246
346,Dulce,Pulsifer,Dulce.Pulsifer@yopmail.com,Dulce.Pulsifer@gmail.com,worker,247
347,Shandie,Christine,Shandie.Christine@yopmail.com,Shandie.Christine@gmail.com,developer,248
348,Aaren,Grimbly,Aaren.Grimbly@yopmail.com,Aaren.Grimbly@gmail.com,police officer,249
349,Stevana,Lesley,Stevana.Lesley@yopmail.com,Stevana.Lesley@gmail.com,doctor,250
350,Ardenia,Florina,Ardenia.Florina@yopmail.com,Ardenia.Florina@gmail.com,firefighter,251
351,Catrina,Tacye,Catrina.Tacye@yopmail.com,Catrina.Tacye@gmail.com,firefighter,252
352,Flo,Wilkinson,Flo.Wilkinson@yopmail.com,Flo.Wilkinson@gmail.com,police officer,253
353,Jerry,Haymes,Jerry.Haymes@yopmail.com,Jerry.Haymes@gmail.com,police officer,254
354,Emmey,Ciapas,Emmey.Ciapas@yopmail.com,Emmey.Ciapas@gmail.com,worker,255
355,Amelia,Barrus,Amelia.Barrus@yopmail.com,Amelia.Barrus@gmail.com,doctor,256
356,Cyndie,Haldas,Cyndie.Haldas@yopmail.com,Cyndie.Haldas@gmail.com,police officer,257
357,Ellette,Janene,Ellette.Janene@yopmail.com,Ellette.Janene@gmail.com,police officer,258
358,Hayley,Sigfrid,Hayley.Sigfrid@yopmail.com,Hayley.Sigfrid@gmail.com,worker,259
359,Leia,Sasnett,Leia.Sasnett@yopmail.com,Leia.Sasnett@gmail.com,developer,260
360,Renae,Mallon,Renae.Mallon@yopmail.com,Renae.Mallon@gmail.com,firefighter,261
361,Maridel,Willie,Maridel.Willie@yopmail.com,Maridel.Willie@gmail.com,developer,262
362,Beatriz,Colleen,Beatriz.Colleen@yopmail.com,Beatriz.Colleen@gmail.com,police officer,263
363,Mary,Paine,Mary.Paine@yopmail.com,Mary.Paine@gmail.com,firefighter,264
364,Althea,Ariella,Althea.Ariella@yopmail.com,Althea.Ariella@gmail.com,police officer,265
365,Perry,Malvino,Perry.Malvino@yopmail.com,Perry.Malvino@gmail.com,developer,266
366,Stephanie,Yate,Stephanie.Yate@yopmail.com,Stephanie.Yate@gmail.com,doctor,267
367,Brietta,Goddard,Brietta.Goddard@yopmail.com,Brietta.Goddard@gmail.com,firefighter,268
368,Jemie,Clywd,Jemie.Clywd@yopmail.com,Jemie.Clywd@gmail.com,developer,269
369,Ana,Grosz,Ana.Grosz@yopmail.com,Ana.Grosz@gmail.com,doctor,270
370,Emma,Bibi,Emma.Bibi@yopmail.com,Emma.Bibi@gmail.com,worker,271
371,Betta,Pernick,Betta.Pernick@yopmail.com,Betta.Pernick@gmail.com,developer,272
372,Daune,Camden,Daune.Camden@yopmail.com,Daune.Camden@gmail.com,developer,273
373,Gavrielle,Ciapas,Gavrielle.Ciapas@yopmail.com,Gavrielle.Ciapas@gmail.com,developer,274
374,Valeda,Fink,Valeda.Fink@yopmail.com,Valeda.Fink@gmail.com,police officer,275
375,Gui,Goerke,Gui.Goerke@yopmail.com,Gui.Goerke@gmail.com,firefighter,276
376,Sean,Rogerio,Sean.Rogerio@yopmail.com,Sean.Rogerio@gmail.com,developer,277
377,Rubie,Hubert,Rubie.Hubert@yopmail.com,Rubie.Hubert@gmail.com,doctor,278
378,Maud,Primalia,Maud.Primalia@yopmail.com,Maud.Primalia@gmail.com,doctor,279
379,Trudie,Aprile,Trudie.Aprile@yopmail.com,Trudie.Aprile@gmail.com,firefighter,280
380,Charissa,Wind,Charissa.Wind@yopmail.com,Charissa.Wind@gmail.com,firefighter,281
381,Rayna,Delp,Rayna.Delp@yopmail.com,Rayna.Delp@gmail.com,developer,282
382,Jacenta,Robertson,Jacenta.Robertson@yopmail.com,Jacenta.Robertson@gmail.com,developer,283
383,Hope,Kare,Hope.Kare@yopmail.com,Hope.Kare@gmail.com,firefighter,284
384,Joy,Melleta,Joy.Melleta@yopmail.com,Joy.Melleta@gmail.com,police officer,285
385,Dulce,Sisile,Dulce.Sisile@yopmail.com,Dulce.Sisile@gmail.com,developer,286
386,Dyann,Garrison,Dyann.Garrison@yopmail.com,Dyann.Garrison@gmail.com,firefighter,287
387,Shannah,Halla,Shannah.Halla@yopmail.com,Shannah.Halla@gmail.com,developer,288
388,Sharlene,Bluh,Sharlene.Bluh@yopmail.com,Sharlene.Bluh@gmail.com,developer,289
389,Rebeca,Kellby,Rebeca.Kellby@yopmail.com,Rebeca.Kellby@gmail.com,developer,290
390,Margarette,Hepsibah,Margarette.Hepsibah@yopmail.com,Margarette.Hepsibah@gmail.com,developer,291
391,Etta,Vharat,Etta.Vharat@yopmail.com,Etta.Vharat@gmail.com,police officer,292
392,Molli,Rubie,Molli.Rubie@yopmail.com,Molli.Rubie@gmail.com,worker,293
393,Claudina,Hamil,Claudina.Hamil@yopmail.com,Claudina.Hamil@gmail.com,firefighter,294
394,Shell,Maurine,Shell.Maurine@yopmail.com,Shell.Maurine@gmail.com,doctor,295
395,Danika,Ursulette,Danika.Ursulette@yopmail.com,Danika.Ursulette@gmail.com,developer,296
396,Amii,Kress,Amii.Kress@yopmail.com,Amii.Kress@gmail.com,developer,297
397,Cassondra,Craggie,Cassondra.Craggie@yopmail.com,Cassondra.Craggie@gmail.com,doctor,298
398,Marcelline,Donoghue,Marcelline.Donoghue@yopmail.com,Marcelline.Donoghue@gmail.com,doctor,299
399,Zaria,Adlare,Zaria.Adlare@yopmail.com,Zaria.Adlare@gmail.com,worker,300
400,Viki,Rebecka,Viki.Rebecka@yopmail.com,Viki.Rebecka@gmail.com,worker,301
401,Amalie,Whittaker,Amalie.Whittaker@yopmail.com,Amalie.Whittaker@gmail.com,worker,302
402,Regina,Shanley,Regina.Shanley@yopmail.com,Regina.Shanley@gmail.com,developer,303
403,Nessie,Tengdin,Nessie.Tengdin@yopmail.com,Nessie.Tengdin@gmail.com,doctor,304
404,Hallie,Carlson,Hallie.Carlson@yopmail.com,Hallie.Carlson@gmail.com,police officer,305
405,Xylina,Kamaria,Xylina.Kamaria@yopmail.com,Xylina.Kamaria@gmail.com,developer,306
406,Gianina,Fredi,Gianina.Fredi@yopmail.com,Gianina.Fredi@gmail.com,developer,307
407,Max,Fulmer,Max.Fulmer@yopmail.com,Max.Fulmer@gmail.com,police officer,308
408,Evita,Cleo,Evita.Cleo@yopmail.com,Evita.Cleo@gmail.com,firefighter,309
409,Jere,Dom,Jere.Dom@yopmail.com,Jere.Dom@gmail.com,doctor,310
410,Aryn,Fiester,Aryn.Fiester@yopmail.com,Aryn.Fiester@gmail.com,police officer,311
411,Debee,Fiann,Debee.Fiann@yopmail.com,Debee.Fiann@gmail.com,doctor,312
412,Nanete,Koziara,Nanete.Koziara@yopmail.com,Nanete.Koziara@gmail.com,developer,313
413,Kirstin,Delp,Kirstin.Delp@yopmail.com,Kirstin.Delp@gmail.com,worker,314
414,Celene,Ursulette,Celene.Ursulette@yopmail.com,Celene.Ursulette@gmail.com,police officer,315
415,Merci,Harned,Merci.Harned@yopmail.com,Merci.Harned@gmail.com,worker,316
416,Tiffie,Ball,Tiffie.Ball@yopmail.com,Tiffie.Ball@gmail.com,developer,317
417,Dennie,Syd,Dennie.Syd@yopmail.com,Dennie.Syd@gmail.com,firefighter,318
418,Miquela,Erich,Miquela.Erich@yopmail.com,Miquela.Erich@gmail.com,worker,319
419,Darci,Barrus,Darci.Barrus@yopmail.com,Darci.Barrus@gmail.com,developer,320
420,Selia,Wandie,Selia.Wandie@yopmail.com,Selia.Wandie@gmail.com,police officer,321
421,Wileen,Dominy,Wileen.Dominy@yopmail.com,Wileen.Dominy@gmail.com,developer,322
422,Madelle,Eckblad,Madelle.Eckblad@yopmail.com,Madelle.Eckblad@gmail.com,police officer,323
423,Eugine,Konyn,Eugine.Konyn@yopmail.com,Eugine.Konyn@gmail.com,worker,324
424,Winny,Santoro,Winny.Santoro@yopmail.com,Winny.Santoro@gmail.com,police officer,325
425,Tonia,Isacco,Tonia.Isacco@yopmail.com,Tonia.Isacco@gmail.com,developer,326
426,Sallie,Drus,Sallie.Drus@yopmail.com,Sallie.Drus@gmail.com,worker,327
427,Meriel,Oriana,Meriel.Oriana@yopmail.com,Meriel.Oriana@gmail.com,developer,328
428,Micheline,Natica,Micheline.Natica@yopmail.com,Micheline.Natica@gmail.com,firefighter,329
429,Kimberley,Teryn,Kimberley.Teryn@yopmail.com,Kimberley.Teryn@gmail.com,police officer,330
430,Olivette,Berl,Olivette.Berl@yopmail.com,Olivette.Berl@gmail.com,firefighter,331
431,Nelle,Zaslow,Nelle.Zaslow@yopmail.com,Nelle.Zaslow@gmail.com,worker,332
432,Aimil,Laurianne,Aimil.Laurianne@yopmail.com,Aimil.Laurianne@gmail.com,firefighter,333
433,Raina,Podvin,Raina.Podvin@yopmail.com,Raina.Podvin@gmail.com,developer,334
434,Brooks,Fleeta,Brooks.Fleeta@yopmail.com,Brooks.Fleeta@gmail.com,firefighter,335
435,Kalina,Ietta,Kalina.Ietta@yopmail.com,Kalina.Ietta@gmail.com,doctor,336
436,Jessamyn,Demitria,Jessamyn.Demitria@yopmail.com,Jessamyn.Demitria@gmail.com,firefighter,337
437,Daryl,Kimmie,Daryl.Kimmie@yopmail.com,Daryl.Kimmie@gmail.com,worker,338
438,Rozele,Gilmour,Rozele.Gilmour@yopmail.com,Rozele.Gilmour@gmail.com,doctor,339
439,Yolane,Wesle,Yolane.Wesle@yopmail.com,Yolane.Wesle@gmail.com,firefighter,340
440,Leia,Chrystel,Leia.Chrystel@yopmail.com,Leia.Chrystel@gmail.com,worker,341
441,Lila,Azeria,Lila.Azeria@yopmail.com,Lila.Azeria@gmail.com,firefighter,342
442,Emelina,Dermott,Emelina.Dermott@yopmail.com,Emelina.Dermott@gmail.com,police officer,343
443,Elsie,Bahr,Elsie.Bahr@yopmail.com,Elsie.Bahr@gmail.com,developer,344
444,Sallie,Klemperer,Sallie.Klemperer@yopmail.com,Sallie.Klemperer@gmail.com,police officer,345
445,Marcelline,Byrne,Marcelline.Byrne@yopmail.com,Marcelline.Byrne@gmail.com,doctor,346
446,Trudie,Donell,Trudie.Donell@yopmail.com,Trudie.Donell@gmail.com,doctor,347
447,Melina,Callista,Melina.Callista@yopmail.com,Melina.Callista@gmail.com,worker,348
448,Sidoney,Lamoree,Sidoney.Lamoree@yopmail.com,Sidoney.Lamoree@gmail.com,developer,349
449,Dolli,Clie,Dolli.Clie@yopmail.com,Dolli.Clie@gmail.com,developer,350
450,Sherrie,Juan,Sherrie.Juan@yopmail.com,Sherrie.Juan@gmail.com,doctor,351
451,Sadie,Hieronymus,Sadie.Hieronymus@yopmail.com,Sadie.Hieronymus@gmail.com,firefighter,352
452,Norine,Braun,Norine.Braun@yopmail.com,Norine.Braun@gmail.com,worker,353
453,Janis,Mayeda,Janis.Mayeda@yopmail.com,Janis.Mayeda@gmail.com,police officer,354
454,Maisey,Kinnard,Maisey.Kinnard@yopmail.com,Maisey.Kinnard@gmail.com,firefighter,355
455,Sallie,Naor,Sallie.Naor@yopmail.com,Sallie.Naor@gmail.com,developer,356
456,Marylou,My,Marylou.My@yopmail.com,Marylou.My@gmail.com,developer,357
457,Ethel,Hessler,Ethel.Hessler@yopmail.com,Ethel.Hessler@gmail.com,developer,358
458,Kellen,Iphlgenia,Kellen.Iphlgenia@yopmail.com,Kellen.Iphlgenia@gmail.com,worker,359
459,Roslyn,Kenwood,Roslyn.Kenwood@yopmail.com,Roslyn.Kenwood@gmail.com,worker,360
460,Kylynn,Maryanne,Kylynn.Maryanne@yopmail.com,Kylynn.Maryanne@gmail.com,worker,361
461,Courtnay,Strephon,Courtnay.Strephon@yopmail.com,Courtnay.Strephon@gmail.com,police officer,362
462,Bernie,Jethro,Bernie.Jethro@yopmail.com,Bernie.Jethro@gmail.com,worker,363
463,Sophia,Germann,Sophia.Germann@yopmail.com,Sophia.Germann@gmail.com,doctor,364
464,Jolyn,Ledah,Jolyn.Ledah@yopmail.com,Jolyn.Ledah@gmail.com,developer,365
465,Fayre,Tristram,Fayre.Tristram@yopmail.com,Fayre.Tristram@gmail.com,doctor,366
466,Charlena,Curren,Charlena.Curren@yopmail.com,Charlena.Curren@gmail.com,firefighter,367
467,Robinia,Himelman,Robinia.Himelman@yopmail.com,Robinia.Himelman@gmail.com,police officer,368
468,Suzette,Weinreb,Suzette.Weinreb@yopmail.com,Suzette.Weinreb@gmail.com,worker,369
469,Eolanda,Georgy,Eolanda.Georgy@yopmail.com,Eolanda.Georgy@gmail.com,worker,370
470,Annaliese,Tice,Annaliese.Tice@yopmail.com,Annaliese.Tice@gmail.com,developer,371
471,Blondelle,Barbey,Blondelle.Barbey@yopmail.com,Blondelle.Barbey@gmail.com,developer,372
472,Frances,Dosia,Frances.Dosia@yopmail.com,Frances.Dosia@gmail.com,worker,373
473,Kaja,Demitria,Kaja.Demitria@yopmail.com,Kaja.Demitria@gmail.com,worker,374
474,Lacie,Secrest,Lacie.Secrest@yopmail.com,Lacie.Secrest@gmail.com,developer,375
475,Gaylene,Daniele,Gaylene.Daniele@yopmail.com,Gaylene.Daniele@gmail.com,worker,376
476,Ariela,Rese,Ariela.Rese@yopmail.com,Ariela.Rese@gmail.com,firefighter,377
477,Tabbatha,Radu,Tabbatha.Radu@yopmail.com,Tabbatha.Radu@gmail.com,developer,378
478,Imojean,Corabella,Imojean.Corabella@yopmail.com,Imojean.Corabella@gmail.com,doctor,379
479,Farrah,Louanna,Farrah.Louanna@yopmail.com,Farrah.Louanna@gmail.com,worker,380
480,Maud,Colp,Maud.Colp@yopmail.com,Maud.Colp@gmail.com,police officer,381
481,Jere,Syd,Jere.Syd@yopmail.com,Jere.Syd@gmail.com,doctor,382
482,Clementine,Egbert,Clementine.Egbert@yopmail.com,Clementine.Egbert@gmail.com,police officer,383
483,Karena,Thar,Karena.Thar@yopmail.com,Karena.Thar@gmail.com,firefighter,384
484,Lisette,Stav,Lisette.Stav@yopmail.com,Lisette.Stav@gmail.com,doctor,385
485,Krystle,Love,Krystle.Love@yopmail.com,Krystle.Love@gmail.com,police officer,386
486,Raf,Gaynor,Raf.Gaynor@yopmail.com,Raf.Gaynor@gmail.com,police officer,387
487,Jacenta,Dermott,Jacenta.Dermott@yopmail.com,Jacenta.Dermott@gmail.com,worker,388
488,Zsa Zsa,Sherfield,Zsa Zsa.Sherfield@yopmail.com,Zsa Zsa.Sherfield@gmail.com,doctor,389
489,Melodie,Bevin,Melodie.Bevin@yopmail.com,Melodie.Bevin@gmail.com,developer,390
490,Britni,Percy,Britni.Percy@yopmail.com,Britni.Percy@gmail.com,police officer,391
491,Jolyn,Ruvolo,Jolyn.Ruvolo@yopmail.com,Jolyn.Ruvolo@gmail.com,developer,392
492,Andeee,Fleeta,Andeee.Fleeta@yopmail.com,Andeee.Fleeta@gmail.com,worker,393
493,Cristabel,Ledah,Cristabel.Ledah@yopmail.com,Cristabel.Ledah@gmail.com,worker,394
494,Roseline,Ephrem,Roseline.Ephrem@yopmail.com,Roseline.Ephrem@gmail.com,worker,395
495,Gilligan,Burkle,Gilligan.Burkle@yopmail.com,Gilligan.Burkle@gmail.com,worker,396
496,Hope,Dermott,Hope.Dermott@yopmail.com,Hope.Dermott@gmail.com,developer,397
497,Claresta,Letsou,Claresta.Letsou@yopmail.com,Claresta.Letsou@gmail.com,firefighter,398
498,Asia,Elisha,Asia.Elisha@yopmail.com,Asia.Elisha@gmail.com,developer,399
499,Christian,Anselmi,Christian.Anselmi@yopmail.com,Christian.Anselmi@gmail.com,police officer,400
500,Konstance,Bates,Konstance.Bates@yopmail.com,Konstance.Bates@gmail.com,firefighter,401
501,Cathyleen,Skell,Cathyleen.Skell@yopmail.com,Cathyleen.Skell@gmail.com,doctor,402
502,Lilith,Linskey,Lilith.Linskey@yopmail.com,Lilith.Linskey@gmail.com,worker,403
503,Eolanda,Bollay,Eolanda.Bollay@yopmail.com,Eolanda.Bollay@gmail.com,police officer,404
504,Kelly,Mullane,Kelly.Mullane@yopmail.com,Kelly.Mullane@gmail.com,worker,405
505,Tomasina,Sadowski,Tomasina.Sadowski@yopmail.com,Tomasina.Sadowski@gmail.com,doctor,406
506,Rhoda,Schroth,Rhoda.Schroth@yopmail.com,Rhoda.Schroth@gmail.com,firefighter,407
507,Theodora,Adalbert,Theodora.Adalbert@yopmail.com,Theodora.Adalbert@gmail.com,police officer,408
508,Carmela,Macey,Carmela.Macey@yopmail.com,Carmela.Macey@gmail.com,doctor,409
509,Selia,Rudolph,Selia.Rudolph@yopmail.com,Selia.Rudolph@gmail.com,worker,410
510,Xylina,Maryanne,Xylina.Maryanne@yopmail.com,Xylina.Maryanne@gmail.com,doctor,411
511,Eadie,Hebner,Eadie.Hebner@yopmail.com,Eadie.Hebner@gmail.com,worker,412
512,Bibby,Creamer,Bibby.Creamer@yopmail.com,Bibby.Creamer@gmail.com,doctor,413
513,Myrtice,Grimbly,Myrtice.Grimbly@yopmail.com,Myrtice.Grimbly@gmail.com,doctor,414
514,Dorothy,Docilla,Dorothy.Docilla@yopmail.com,Dorothy.Docilla@gmail.com,worker,415
515,Gui,Audly,Gui.Audly@yopmail.com,Gui.Audly@gmail.com,police officer,416
516,Lauryn,Berl,Lauryn.Berl@yopmail.com,Lauryn.Berl@gmail.com,developer,417
517,Gretal,Lia,Gretal.Lia@yopmail.com,Gretal.Lia@gmail.com,worker,418
518,Alyda,Terrence,Alyda.Terrence@yopmail.com,Alyda.Terrence@gmail.com,worker,419
519,Sallie,Rooney,Sallie.Rooney@yopmail.com,Sallie.Rooney@gmail.com,doctor,420
520,Devina,Rad,Devina.Rad@yopmail.com,Devina.Rad@gmail.com,developer,421
521,Mellicent,Bennie,Mellicent.Bennie@yopmail.com,Mellicent.Bennie@gmail.com,police officer,422
522,Vita,Zeeba,Vita.Zeeba@yopmail.com,Vita.Zeeba@gmail.com,firefighter,423
523,Almeta,Burkle,Almeta.Burkle@yopmail.com,Almeta.Burkle@gmail.com,police officer,424
524,Cassandra,Avi,Cassandra.Avi@yopmail.com,Cassandra.Avi@gmail.com,developer,425
525,Tina,Ulphia,Tina.Ulphia@yopmail.com,Tina.Ulphia@gmail.com,doctor,426
526,Angela,Durware,Angela.Durware@yopmail.com,Angela.Durware@gmail.com,police officer,427
527,Orelia,Hazlett,Orelia.Hazlett@yopmail.com,Orelia.Hazlett@gmail.com,developer,428
528,Nerta,Shirberg,Nerta.Shirberg@yopmail.com,Nerta.Shirberg@gmail.com,developer,429
529,Georgetta,Konyn,Georgetta.Konyn@yopmail.com,Georgetta.Konyn@gmail.com,worker,430
530,Netty,Kolnick,Netty.Kolnick@yopmail.com,Netty.Kolnick@gmail.com,developer,431
531,Rozele,Matthew,Rozele.Matthew@yopmail.com,Rozele.Matthew@gmail.com,doctor,432
532,Layla,Stephie,Layla.Stephie@yopmail.com,Layla.Stephie@gmail.com,doctor,433
533,Daune,Suk,Daune.Suk@yopmail.com,Daune.Suk@gmail.com,police officer,434
534,Antonietta,Persse,Antonietta.Persse@yopmail.com,Antonietta.Persse@gmail.com,developer,435
535,Beverley,Mayeda,Beverley.Mayeda@yopmail.com,Beverley.Mayeda@gmail.com,police officer,436
536,Melodie,Bonucci,Melodie.Bonucci@yopmail.com,Melodie.Bonucci@gmail.com,firefighter,437
537,Lauryn,Clie,Lauryn.Clie@yopmail.com,Lauryn.Clie@gmail.com,firefighter,438
538,Aurelie,Lattie,Aurelie.Lattie@yopmail.com,Aurelie.Lattie@gmail.com,firefighter,439
539,Kellen,Kunin,Kellen.Kunin@yopmail.com,Kellen.Kunin@gmail.com,police officer,440
540,Jorry,Daniele,Jorry.Daniele@yopmail.com,Jorry.Daniele@gmail.com,police officer,441
541,Randa,Lorain,Randa.Lorain@yopmail.com,Randa.Lorain@gmail.com,police officer,442
542,Jacenta,Cherianne,Jacenta.Cherianne@yopmail.com,Jacenta.Cherianne@gmail.com,doctor,443
543,Johna,Jethro,Johna.Jethro@yopmail.com,Johna.Jethro@gmail.com,police officer,444
544,Fanchon,Pond,Fanchon.Pond@yopmail.com,Fanchon.Pond@gmail.com,police officer,445
545,Zaria,Alva,Zaria.Alva@yopmail.com,Zaria.Alva@gmail.com,firefighter,446
546,Christian,Hoban,Christian.Hoban@yopmail.com,Christian.Hoban@gmail.com,police officer,447
547,Angelique,Adore,Angelique.Adore@yopmail.com,Angelique.Adore@gmail.com,doctor,448
548,Petronia,Magnolia,Petronia.Magnolia@yopmail.com,Petronia.Magnolia@gmail.com,doctor,449
549,Minda,Dalli,Minda.Dalli@yopmail.com,Minda.Dalli@gmail.com,firefighter,450
550,Jessy,Edison,Jessy.Edison@yopmail.com,Jessy.Edison@gmail.com,developer,451
551,Merci,Romelda,Merci.Romelda@yopmail.com,Merci.Romelda@gmail.com,worker,452
552,Jerry,Miru,Jerry.Miru@yopmail.com,Jerry.Miru@gmail.com,worker,453
553,Halette,Ranjiv,Halette.Ranjiv@yopmail.com,Halette.Ranjiv@gmail.com,worker,454
554,Perry,Lesley,Perry.Lesley@yopmail.com,Perry.Lesley@gmail.com,police officer,455
555,Dominga,Marsden,Dominga.Marsden@yopmail.com,Dominga.Marsden@gmail.com,worker,456
556,Jsandye,Secrest,Jsandye.Secrest@yopmail.com,Jsandye.Secrest@gmail.com,developer,457
557,Bettine,Jethro,Bettine.Jethro@yopmail.com,Bettine.Jethro@gmail.com,police officer,458
558,Jessamyn,Knowling,Jessamyn.Knowling@yopmail.com,Jessamyn.Knowling@gmail.com,worker,459
559,Viviene,Jarib,Viviene.Jarib@yopmail.com,Viviene.Jarib@gmail.com,worker,460
560,Helsa,Margret,Helsa.Margret@yopmail.com,Helsa.Margret@gmail.com,developer,461
561,Margarette,Brittani,Margarette.Brittani@yopmail.com,Margarette.Brittani@gmail.com,developer,462
562,Briney,Jess,Briney.Jess@yopmail.com,Briney.Jess@gmail.com,developer,463
563,Sharlene,Rurik,Sharlene.Rurik@yopmail.com,Sharlene.Rurik@gmail.com,doctor,464
564,Leanna,Juliet,Leanna.Juliet@yopmail.com,Leanna.Juliet@gmail.com,firefighter,465
565,Claresta,Francyne,Claresta.Francyne@yopmail.com,Claresta.Francyne@gmail.com,police officer,466
566,Pearline,Belldas,Pearline.Belldas@yopmail.com,Pearline.Belldas@gmail.com,developer,467
567,Ottilie,Hepsibah,Ottilie.Hepsibah@yopmail.com,Ottilie.Hepsibah@gmail.com,worker,468
568,Bettine,Melan,Bettine.Melan@yopmail.com,Bettine.Melan@gmail.com,doctor,469
569,Hope,Deny,Hope.Deny@yopmail.com,Hope.Deny@gmail.com,worker,470
570,Valeda,Fredi,Valeda.Fredi@yopmail.com,Valeda.Fredi@gmail.com,developer,471
571,Bibby,Kaja,Bibby.Kaja@yopmail.com,Bibby.Kaja@gmail.com,developer,472
572,Ashlee,Cressida,Ashlee.Cressida@yopmail.com,Ashlee.Cressida@gmail.com,worker,473
573,Candi,Henebry,Candi.Henebry@yopmail.com,Candi.Henebry@gmail.com,worker,474
574,Rosene,Peti,Rosene.Peti@yopmail.com,Rosene.Peti@gmail.com,police officer,475
575,Sherrie,Dorothy,Sherrie.Dorothy@yopmail.com,Sherrie.Dorothy@gmail.com,developer,476
576,Damaris,Garrison,Damaris.Garrison@yopmail.com,Damaris.Garrison@gmail.com,police officer,477
577,Marcelline,Dermott,Marcelline.Dermott@yopmail.com,Marcelline.Dermott@gmail.com,doctor,478
578,Sandie,Sheng,Sandie.Sheng@yopmail.com,Sandie.Sheng@gmail.com,firefighter,479
579,Dari,Jobi,Dari.Jobi@yopmail.com,Dari.Jobi@gmail.com,developer,480
580,Oralee,Clara,Oralee.Clara@yopmail.com,Oralee.Clara@gmail.com,doctor,481
581,Louella,Stelle,Louella.Stelle@yopmail.com,Louella.Stelle@gmail.com,worker,482
582,Albertina,Ranjiv,Albertina.Ranjiv@yopmail.com,Albertina.Ranjiv@gmail.com,doctor,483
583,Dania,Uird,Dania.Uird@yopmail.com,Dania.Uird@gmail.com,worker,484
584,Alexine,Melleta,Alexine.Melleta@yopmail.com,Alexine.Melleta@gmail.com,developer,485
585,Evita,Clara,Evita.Clara@yopmail.com,Evita.Clara@gmail.com,worker,486
586,Ruthe,Gaulin,Ruthe.Gaulin@yopmail.com,Ruthe.Gaulin@gmail.com,police officer,487
587,Margette,Abbot,Margette.Abbot@yopmail.com,Margette.Abbot@gmail.com,police officer,488
588,Deedee,Kolnick,Deedee.Kolnick@yopmail.com,Deedee.Kolnick@gmail.com,firefighter,489
589,Joleen,Iphlgenia,Joleen.Iphlgenia@yopmail.com,Joleen.Iphlgenia@gmail.com,firefighter,490
590,Maridel,Anastatius,Maridel.Anastatius@yopmail.com,Maridel.Anastatius@gmail.com,doctor,491
591,Jemie,Cherianne,Jemie.Cherianne@yopmail.com,Jemie.Cherianne@gmail.com,developer,492
592,Shaine,Gaulin,Shaine.Gaulin@yopmail.com,Shaine.Gaulin@gmail.com,doctor,493
593,Viki,Aloise,Viki.Aloise@yopmail.com,Viki.Aloise@gmail.com,doctor,494
594,Nita,Deegan,Nita.Deegan@yopmail.com,Nita.Deegan@gmail.com,police officer,495
595,Adriana,Francene,Adriana.Francene@yopmail.com,Adriana.Francene@gmail.com,developer,496
596,Harmonia,Bahr,Harmonia.Bahr@yopmail.com,Harmonia.Bahr@gmail.com,doctor,497
597,Aryn,Iaverne,Aryn.Iaverne@yopmail.com,Aryn.Iaverne@gmail.com,worker,498
598,Merle,O'Carroll,Merle.O'Carroll@yopmail.com,Merle.O'Carroll@gmail.com,doctor,499
599,Lonnie,Mich,Lonnie.Mich@yopmail.com,Lonnie.Mich@gmail.com,police officer,500
600,Thalia,Woodberry,Thalia.Woodberry@yopmail.com,Thalia.Woodberry@gmail.com,developer,501
601,Valeda,Dom,Valeda.Dom@yopmail.com,Valeda.Dom@gmail.com,developer,502
602,Kimmy,Gavrila,Kimmy.Gavrila@yopmail.com,Kimmy.Gavrila@gmail.com,police officer,503
603,Kristina,Poll,Kristina.Poll@yopmail.com,Kristina.Poll@gmail.com,worker,504
604,Selia,Rurik,Selia.Rurik@yopmail.com,Selia.Rurik@gmail.com,developer,505
605,Vita,Azeria,Vita.Azeria@yopmail.com,Vita.Azeria@gmail.com,worker,506
606,Doro,Shelba,Doro.Shelba@yopmail.com,Doro.Shelba@gmail.com,doctor,507
607,Leeanne,Roarke,Leeanne.Roarke@yopmail.com,Leeanne.Roarke@gmail.com,doctor,508
608,Mara,Leary,Mara.Leary@yopmail.com,Mara.Leary@gmail.com,firefighter,509
609,Alleen,Harl,Alleen.Harl@yopmail.com,Alleen.Harl@gmail.com,worker,510
610,Beth,Curren,Beth.Curren@yopmail.com,Beth.Curren@gmail.com,police officer,511
611,Cacilie,Rolf,Cacilie.Rolf@yopmail.com,Cacilie.Rolf@gmail.com,doctor,512
612,Lorenza,Wyn,Lorenza.Wyn@yopmail.com,Lorenza.Wyn@gmail.com,worker,513
613,Rubie,Raychel,Rubie.Raychel@yopmail.com,Rubie.Raychel@gmail.com,doctor,514
614,Marnia,Alrich,Marnia.Alrich@yopmail.com,Marnia.Alrich@gmail.com,police officer,515
615,Anallese,Viddah,Anallese.Viddah@yopmail.com,Anallese.Viddah@gmail.com,developer,516
616,Annecorinne,Read,Annecorinne.Read@yopmail.com,Annecorinne.Read@gmail.com,firefighter,517
617,Althea,Remmer,Althea.Remmer@yopmail.com,Althea.Remmer@gmail.com,developer,518
618,Thalia,Santoro,Thalia.Santoro@yopmail.com,Thalia.Santoro@gmail.com,police officer,519
619,Shaylyn,Berard,Shaylyn.Berard@yopmail.com,Shaylyn.Berard@gmail.com,police officer,520
620,Drucie,Mott,Drucie.Mott@yopmail.com,Drucie.Mott@gmail.com,worker,521
621,Drucie,Swigart,Drucie.Swigart@yopmail.com,Drucie.Swigart@gmail.com,police officer,522
622,Carilyn,Delp,Carilyn.Delp@yopmail.com,Carilyn.Delp@gmail.com,developer,523
623,Louella,Malanie,Louella.Malanie@yopmail.com,Louella.Malanie@gmail.com,worker,524
624,Molli,Keelia,Molli.Keelia@yopmail.com,Molli.Keelia@gmail.com,developer,525
625,Nyssa,Carey,Nyssa.Carey@yopmail.com,Nyssa.Carey@gmail.com,developer,526
626,Margalo,Fontana,Margalo.Fontana@yopmail.com,Margalo.Fontana@gmail.com,developer,527
627,Alisha,Thomasina,Alisha.Thomasina@yopmail.com,Alisha.Thomasina@gmail.com,developer,528
628,Robbi,Birdella,Robbi.Birdella@yopmail.com,Robbi.Birdella@gmail.com,worker,529
629,Linet,Gusella,Linet.Gusella@yopmail.com,Linet.Gusella@gmail.com,worker,530
630,Vinita,Drisko,Vinita.Drisko@yopmail.com,Vinita.Drisko@gmail.com,police officer,531
631,Nickie,Bartlett,Nickie.Bartlett@yopmail.com,Nickie.Bartlett@gmail.com,firefighter,532
632,Laure,Terrence,Laure.Terrence@yopmail.com,Laure.Terrence@gmail.com,worker,533
633,Dorice,Larochelle,Dorice.Larochelle@yopmail.com,Dorice.Larochelle@gmail.com,firefighter,534
634,Judy,Lilas,Judy.Lilas@yopmail.com,Judy.Lilas@gmail.com,firefighter,535
635,Minne,Carri,Minne.Carri@yopmail.com,Minne.Carri@gmail.com,worker,536
636,Dede,Vanni,Dede.Vanni@yopmail.com,Dede.Vanni@gmail.com,police officer,537
637,Emma,Franza,Emma.Franza@yopmail.com,Emma.Franza@gmail.com,firefighter,538
638,Marnia,Bronk,Marnia.Bronk@yopmail.com,Marnia.Bronk@gmail.com,firefighter,539
639,Dorthy,Thunell,Dorthy.Thunell@yopmail.com,Dorthy.Thunell@gmail.com,firefighter,540
640,Verla,Edee,Verla.Edee@yopmail.com,Verla.Edee@gmail.com,doctor,541
641,Lauryn,Auberbach,Lauryn.Auberbach@yopmail.com,Lauryn.Auberbach@gmail.com,developer,542
642,Rosanne,Lacombe,Rosanne.Lacombe@yopmail.com,Rosanne.Lacombe@gmail.com,police officer,543
643,Vivia,Sheng,Vivia.Sheng@yopmail.com,Vivia.Sheng@gmail.com,firefighter,544
644,Fawne,Herrera,Fawne.Herrera@yopmail.com,Fawne.Herrera@gmail.com,worker,545
645,Robbi,Burch,Robbi.Burch@yopmail.com,Robbi.Burch@gmail.com,developer,546
646,Robinia,Montgomery,Robinia.Montgomery@yopmail.com,Robinia.Montgomery@gmail.com,firefighter,547
647,Claresta,McGrody,Claresta.McGrody@yopmail.com,Claresta.McGrody@gmail.com,worker,548
648,Goldie,Hirsch,Goldie.Hirsch@yopmail.com,Goldie.Hirsch@gmail.com,firefighter,549
649,Linzy,McNully,Linzy.McNully@yopmail.com,Linzy.McNully@gmail.com,firefighter,550
650,Berget,Lindemann,Berget.Lindemann@yopmail.com,Berget.Lindemann@gmail.com,police officer,551
651,Cindelyn,Lowry,Cindelyn.Lowry@yopmail.com,Cindelyn.Lowry@gmail.com,doctor,552
652,Valli,Manolo,Valli.Manolo@yopmail.com,Valli.Manolo@gmail.com,developer,553
653,Margalo,Hathaway,Margalo.Hathaway@yopmail.com,Margalo.Hathaway@gmail.com,doctor,554
654,Millie,Hylan,Millie.Hylan@yopmail.com,Millie.Hylan@gmail.com,worker,555
655,Kerrin,Markman,Kerrin.Markman@yopmail.com,Kerrin.Markman@gmail.com,police officer,556
656,Marsiella,Pond,Marsiella.Pond@yopmail.com,Marsiella.Pond@gmail.com,police officer,557
657,Frank,Artie,Frank.Artie@yopmail.com,Frank.Artie@gmail.com,doctor,558
658,Lynnea,O'Neill,Lynnea.O'Neill@yopmail.com,Lynnea.O'Neill@gmail.com,developer,559
659,Leanna,Camden,Leanna.Camden@yopmail.com,Leanna.Camden@gmail.com,worker,560
660,Kenna,Robertson,Kenna.Robertson@yopmail.com,Kenna.Robertson@gmail.com,developer,561
661,Livvyy,Johnsson,Livvyy.Johnsson@yopmail.com,Livvyy.Johnsson@gmail.com,police officer,562
662,Eugine,Kosey,Eugine.Kosey@yopmail.com,Eugine.Kosey@gmail.com,worker,563
663,Eugine,Holbrook,Eugine.Holbrook@yopmail.com,Eugine.Holbrook@gmail.com,developer,564
664,Jaime,Yoko,Jaime.Yoko@yopmail.com,Jaime.Yoko@gmail.com,police officer,565
665,Diena,Ardra,Diena.Ardra@yopmail.com,Diena.Ardra@gmail.com,developer,566
666,Karina,Bryna,Karina.Bryna@yopmail.com,Karina.Bryna@gmail.com,doctor,567
667,Rivalee,Heisel,Rivalee.Heisel@yopmail.com,Rivalee.Heisel@gmail.com,doctor,568
668,Anallese,Niles,Anallese.Niles@yopmail.com,Anallese.Niles@gmail.com,worker,569
669,Agnese,Woodberry,Agnese.Woodberry@yopmail.com,Agnese.Woodberry@gmail.com,firefighter,570
670,Selma,Gunn,Selma.Gunn@yopmail.com,Selma.Gunn@gmail.com,developer,571
671,Sadie,Vary,Sadie.Vary@yopmail.com,Sadie.Vary@gmail.com,police officer,572
672,Cordi,Dawkins,Cordi.Dawkins@yopmail.com,Cordi.Dawkins@gmail.com,developer,573
673,Nannie,Azeria,Nannie.Azeria@yopmail.com,Nannie.Azeria@gmail.com,doctor,574
674,Ezmeralda,Kravits,Ezmeralda.Kravits@yopmail.com,Ezmeralda.Kravits@gmail.com,doctor,575
675,Tiffie,Sophronia,Tiffie.Sophronia@yopmail.com,Tiffie.Sophronia@gmail.com,police officer,576
676,Odessa,Kendrick,Odessa.Kendrick@yopmail.com,Odessa.Kendrick@gmail.com,doctor,577
677,Farrah,Harriman,Farrah.Harriman@yopmail.com,Farrah.Harriman@gmail.com,firefighter,578
678,Kate,Ingra,Kate.Ingra@yopmail.com,Kate.Ingra@gmail.com,doctor,579
679,Maurene,Crudden,Maurene.Crudden@yopmail.com,Maurene.Crudden@gmail.com,developer,580
680,Dede,Berne,Dede.Berne@yopmail.com,Dede.Berne@gmail.com,developer,581
681,Collen,Merriott,Collen.Merriott@yopmail.com,Collen.Merriott@gmail.com,doctor,582
682,Ivett,Ummersen,Ivett.Ummersen@yopmail.com,Ivett.Ummersen@gmail.com,firefighter,583
683,Christian,Eiser,Christian.Eiser@yopmail.com,Christian.Eiser@gmail.com,developer,584
684,Maridel,Bendick,Maridel.Bendick@yopmail.com,Maridel.Bendick@gmail.com,police officer,585
685,Odessa,Joli,Odessa.Joli@yopmail.com,Odessa.Joli@gmail.com,developer,586
686,Rosene,Ashely,Rosene.Ashely@yopmail.com,Rosene.Ashely@gmail.com,developer,587
687,Demetris,Oscar,Demetris.Oscar@yopmail.com,Demetris.Oscar@gmail.com,developer,588
688,Althea,Swigart,Althea.Swigart@yopmail.com,Althea.Swigart@gmail.com,worker,589
689,Elfreda,Vary,Elfreda.Vary@yopmail.com,Elfreda.Vary@gmail.com,developer,590
690,Maryellen,Gavrila,Maryellen.Gavrila@yopmail.com,Maryellen.Gavrila@gmail.com,doctor,591
691,Ulrike,Tound,Ulrike.Tound@yopmail.com,Ulrike.Tound@gmail.com,worker,592
692,Maisey,Erskine,Maisey.Erskine@yopmail.com,Maisey.Erskine@gmail.com,worker,593
693,Almeta,Allare,Almeta.Allare@yopmail.com,Almeta.Allare@gmail.com,police officer,594
694,Tracey,Carri,Tracey.Carri@yopmail.com,Tracey.Carri@gmail.com,developer,595
695,Ninnetta,Bultman,Ninnetta.Bultman@yopmail.com,Ninnetta.Bultman@gmail.com,police officer,596
696,Sheree,Zetta,Sheree.Zetta@yopmail.com,Sheree.Zetta@gmail.com,worker,597
697,Roseline,Beebe,Roseline.Beebe@yopmail.com,Roseline.Beebe@gmail.com,worker,598
698,Cristabel,Jary,Cristabel.Jary@yopmail.com,Cristabel.Jary@gmail.com,firefighter,599
699,Helena,Nore,Helena.Nore@yopmail.com,Helena.Nore@gmail.com,developer,600
700,Renae,Holbrook,Renae.Holbrook@yopmail.com,Renae.Holbrook@gmail.com,worker,601
701,Devina,Melleta,Devina.Melleta@yopmail.com,Devina.Melleta@gmail.com,firefighter,602
702,Nariko,Sparhawk,Nariko.Sparhawk@yopmail.com,Nariko.Sparhawk@gmail.com,doctor,603
703,Elena,Justinn,Elena.Justinn@yopmail.com,Elena.Justinn@gmail.com,doctor,604
704,Rori,Lunsford,Rori.Lunsford@yopmail.com,Rori.Lunsford@gmail.com,doctor,605
705,Corina,Gamaliel,Corina.Gamaliel@yopmail.com,Corina.Gamaliel@gmail.com,firefighter,606
706,Jobi,Prober,Jobi.Prober@yopmail.com,Jobi.Prober@gmail.com,police officer,607
707,Arlina,Narton,Arlina.Narton@yopmail.com,Arlina.Narton@gmail.com,firefighter,608
708,Dode,Giff,Dode.Giff@yopmail.com,Dode.Giff@gmail.com,doctor,609
709,Annaliese,Grimbly,Annaliese.Grimbly@yopmail.com,Annaliese.Grimbly@gmail.com,police officer,610
710,Brynna,Bouchard,Brynna.Bouchard@yopmail.com,Brynna.Bouchard@gmail.com,firefighter,611
711,Pierette,Leffen,Pierette.Leffen@yopmail.com,Pierette.Leffen@gmail.com,doctor,612
712,Doro,Roche,Doro.Roche@yopmail.com,Doro.Roche@gmail.com,doctor,613
713,Lynnea,Hunfredo,Lynnea.Hunfredo@yopmail.com,Lynnea.Hunfredo@gmail.com,doctor,614
714,Ronna,Isidore,Ronna.Isidore@yopmail.com,Ronna.Isidore@gmail.com,developer,615
715,Krystle,Jehu,Krystle.Jehu@yopmail.com,Krystle.Jehu@gmail.com,doctor,616
716,Raf,Johanna,Raf.Johanna@yopmail.com,Raf.Johanna@gmail.com,doctor,617
717,Joelly,Sherfield,Joelly.Sherfield@yopmail.com,Joelly.Sherfield@gmail.com,firefighter,618
718,Nessie,Pattin,Nessie.Pattin@yopmail.com,Nessie.Pattin@gmail.com,police officer,619
719,Morganica,Abernon,Morganica.Abernon@yopmail.com,Morganica.Abernon@gmail.com,doctor,620
720,Daune,Chesna,Daune.Chesna@yopmail.com,Daune.Chesna@gmail.com,worker,621
721,Hildegaard,Blase,Hildegaard.Blase@yopmail.com,Hildegaard.Blase@gmail.com,police officer,622
722,Lorenza,Noelyn,Lorenza.Noelyn@yopmail.com,Lorenza.Noelyn@gmail.com,police officer,623
723,Misha,Mozelle,Misha.Mozelle@yopmail.com,Misha.Mozelle@gmail.com,firefighter,624
724,Frank,Newell,Frank.Newell@yopmail.com,Frank.Newell@gmail.com,firefighter,625
725,Aigneis,Faro,Aigneis.Faro@yopmail.com,Aigneis.Faro@gmail.com,firefighter,626
726,Lauryn,Sadowski,Lauryn.Sadowski@yopmail.com,Lauryn.Sadowski@gmail.com,firefighter,627
727,Benita,Chesna,Benita.Chesna@yopmail.com,Benita.Chesna@gmail.com,police officer,628
728,Helena,Camden,Helena.Camden@yopmail.com,Helena.Camden@gmail.com,police officer,629
729,Renie,Anastatius,Renie.Anastatius@yopmail.com,Renie.Anastatius@gmail.com,worker,630
730,Mireielle,Greenwald,Mireielle.Greenwald@yopmail.com,Mireielle.Greenwald@gmail.com,developer,631
731,Jan,Cristi,Jan.Cristi@yopmail.com,Jan.Cristi@gmail.com,worker,632
732,Mallory,Flita,Mallory.Flita@yopmail.com,Mallory.Flita@gmail.com,firefighter,633
733,Sara-Ann,Mata,Sara-Ann.Mata@yopmail.com,Sara-Ann.Mata@gmail.com,firefighter,634
734,Candi,Syd,Candi.Syd@yopmail.com,Candi.Syd@gmail.com,developer,635
735,Kirbee,Kendrick,Kirbee.Kendrick@yopmail.com,Kirbee.Kendrick@gmail.com,doctor,636
736,Pollyanna,Kermit,Pollyanna.Kermit@yopmail.com,Pollyanna.Kermit@gmail.com,worker,637
737,Eolanda,Behre,Eolanda.Behre@yopmail.com,Eolanda.Behre@gmail.com,worker,638
738,Anica,Friede,Anica.Friede@yopmail.com,Anica.Friede@gmail.com,police officer,639
739,Lily,Peti,Lily.Peti@yopmail.com,Lily.Peti@gmail.com,firefighter,640
740,Catharine,Ammann,Catharine.Ammann@yopmail.com,Catharine.Ammann@gmail.com,doctor,641
741,Margalo,Rese,Margalo.Rese@yopmail.com,Margalo.Rese@gmail.com,firefighter,642
742,Melina,Bivins,Melina.Bivins@yopmail.com,Melina.Bivins@gmail.com,doctor,643
743,Demetris,Syd,Demetris.Syd@yopmail.com,Demetris.Syd@gmail.com,firefighter,644
744,Norine,Elephus,Norine.Elephus@yopmail.com,Norine.Elephus@gmail.com,doctor,645
745,Brynna,Alfons,Brynna.Alfons@yopmail.com,Brynna.Alfons@gmail.com,police officer,646
746,Nerta,Viddah,Nerta.Viddah@yopmail.com,Nerta.Viddah@gmail.com,firefighter,647
747,Nessie,Allina,Nessie.Allina@yopmail.com,Nessie.Allina@gmail.com,police officer,648
748,Teddie,Elisha,Teddie.Elisha@yopmail.com,Teddie.Elisha@gmail.com,doctor,649
749,Teddie,Briney,Teddie.Briney@yopmail.com,Teddie.Briney@gmail.com,firefighter,650
750,Talya,Pozzy,Talya.Pozzy@yopmail.com,Talya.Pozzy@gmail.com,developer,651
751,Christal,Si,Christal.Si@yopmail.com,Christal.Si@gmail.com,firefighter,652
752,Tersina,Kamaria,Tersina.Kamaria@yopmail.com,Tersina.Kamaria@gmail.com,developer,653
753,Leona,Ludewig,Leona.Ludewig@yopmail.com,Leona.Ludewig@gmail.com,worker,654
754,Lyssa,Anderea,Lyssa.Anderea@yopmail.com,Lyssa.Anderea@gmail.com,firefighter,655
755,Nadine,Lacombe,Nadine.Lacombe@yopmail.com,Nadine.Lacombe@gmail.com,developer,656
756,Elyssa,Lymann,Elyssa.Lymann@yopmail.com,Elyssa.Lymann@gmail.com,firefighter,657
757,Miquela,Sundin,Miquela.Sundin@yopmail.com,Miquela.Sundin@gmail.com,police officer,658
758,Ada,Plato,Ada.Plato@yopmail.com,Ada.Plato@gmail.com,worker,659
759,Larine,Vilma,Larine.Vilma@yopmail.com,Larine.Vilma@gmail.com,police officer,660
760,Luci,Shuler,Luci.Shuler@yopmail.com,Luci.Shuler@gmail.com,doctor,661
761,Tobe,Terrence,Tobe.Terrence@yopmail.com,Tobe.Terrence@gmail.com,doctor,662
762,Lanae,Lindemann,Lanae.Lindemann@yopmail.com,Lanae.Lindemann@gmail.com,worker,663
763,Millie,Ogren,Millie.Ogren@yopmail.com,Millie.Ogren@gmail.com,police officer,664
764,Edee,Trinetta,Edee.Trinetta@yopmail.com,Edee.Trinetta@gmail.com,worker,665
765,Iseabal,Natica,Iseabal.Natica@yopmail.com,Iseabal.Natica@gmail.com,developer,666
766,Fredericka,Dash,Fredericka.Dash@yopmail.com,Fredericka.Dash@gmail.com,firefighter,667
767,Fanny,Podvin,Fanny.Podvin@yopmail.com,Fanny.Podvin@gmail.com,worker,668
768,Antonietta,Thornburg,Antonietta.Thornburg@yopmail.com,Antonietta.Thornburg@gmail.com,developer,669
769,Noelle,Ailyn,Noelle.Ailyn@yopmail.com,Noelle.Ailyn@gmail.com,doctor,670
770,Rebeca,Leler,Rebeca.Leler@yopmail.com,Rebeca.Leler@gmail.com,firefighter,671
771,Florencia,Burkle,Florencia.Burkle@yopmail.com,Florencia.Burkle@gmail.com,worker,672
772,Sheree,Juliet,Sheree.Juliet@yopmail.com,Sheree.Juliet@gmail.com,police officer,673
773,Brietta,Tremayne,Brietta.Tremayne@yopmail.com,Brietta.Tremayne@gmail.com,developer,674
774,Farrah,Ogren,Farrah.Ogren@yopmail.com,Farrah.Ogren@gmail.com,developer,675
775,Fanny,Eliathas,Fanny.Eliathas@yopmail.com,Fanny.Eliathas@gmail.com,worker,676
776,Magdalena,McClimans,Magdalena.McClimans@yopmail.com,Magdalena.McClimans@gmail.com,firefighter,677
777,Farrah,Old,Farrah.Old@yopmail.com,Farrah.Old@gmail.com,doctor,678
778,Janenna,Hewitt,Janenna.Hewitt@yopmail.com,Janenna.Hewitt@gmail.com,developer,679
779,Dolli,Connelly,Dolli.Connelly@yopmail.com,Dolli.Connelly@gmail.com,doctor,680
780,Aimil,Fiann,Aimil.Fiann@yopmail.com,Aimil.Fiann@gmail.com,worker,681
781,Max,Ledah,Max.Ledah@yopmail.com,Max.Ledah@gmail.com,police officer,682
782,Gretal,Rustice,Gretal.Rustice@yopmail.com,Gretal.Rustice@gmail.com,worker,683
783,Blake,Greenwald,Blake.Greenwald@yopmail.com,Blake.Greenwald@gmail.com,firefighter,684
784,Courtnay,Egbert,Courtnay.Egbert@yopmail.com,Courtnay.Egbert@gmail.com,firefighter,685
785,Lita,Alarise,Lita.Alarise@yopmail.com,Lita.Alarise@gmail.com,doctor,686
786,Claresta,Stoller,Claresta.Stoller@yopmail.com,Claresta.Stoller@gmail.com,police officer,687
787,Kamilah,Weinreb,Kamilah.Weinreb@yopmail.com,Kamilah.Weinreb@gmail.com,doctor,688
788,Kathi,Maribeth,Kathi.Maribeth@yopmail.com,Kathi.Maribeth@gmail.com,police officer,689
789,Ezmeralda,Si,Ezmeralda.Si@yopmail.com,Ezmeralda.Si@gmail.com,firefighter,690
790,Audrie,Quinn,Audrie.Quinn@yopmail.com,Audrie.Quinn@gmail.com,police officer,691
791,Stevana,Caitlin,Stevana.Caitlin@yopmail.com,Stevana.Caitlin@gmail.com,developer,692
792,Priscilla,Syd,Priscilla.Syd@yopmail.com,Priscilla.Syd@gmail.com,developer,693
793,Orelia,Carbo,Orelia.Carbo@yopmail.com,Orelia.Carbo@gmail.com,police officer,694
794,Andree,Engdahl,Andree.Engdahl@yopmail.com,Andree.Engdahl@gmail.com,developer,695
795,Valeda,Stav,Valeda.Stav@yopmail.com,Valeda.Stav@gmail.com,doctor,696
796,Konstance,Israeli,Konstance.Israeli@yopmail.com,Konstance.Israeli@gmail.com,police officer,697
797,Marti,Lanita,Marti.Lanita@yopmail.com,Marti.Lanita@gmail.com,developer,698
798,Cissiee,Malina,Cissiee.Malina@yopmail.com,Cissiee.Malina@gmail.com,developer,699
799,Ada,Jarib,Ada.Jarib@yopmail.com,Ada.Jarib@gmail.com,doctor,700
800,Karena,Chem,Karena.Chem@yopmail.com,Karena.Chem@gmail.com,worker,701
801,Rosabelle,Kirstin,Rosabelle.Kirstin@yopmail.com,Rosabelle.Kirstin@gmail.com,developer,702
802,Nessie,Howlyn,Nessie.Howlyn@yopmail.com,Nessie.Howlyn@gmail.com,worker,703
803,Ivett,Izaak,Ivett.Izaak@yopmail.com,Ivett.Izaak@gmail.com,worker,704
804,Fred,Carleen,Fred.Carleen@yopmail.com,Fred.Carleen@gmail.com,doctor,705
805,Robinia,Saunderson,Robinia.Saunderson@yopmail.com,Robinia.Saunderson@gmail.com,doctor,706
806,Gloria,Hazlett,Gloria.Hazlett@yopmail.com,Gloria.Hazlett@gmail.com,police officer,707
807,Karly,Tyson,Karly.Tyson@yopmail.com,Karly.Tyson@gmail.com,police officer,708
808,Hannis,Standing,Hannis.Standing@yopmail.com,Hannis.Standing@gmail.com,worker,709
809,Steffane,Johnsson,Steffane.Johnsson@yopmail.com,Steffane.Johnsson@gmail.com,doctor,710
810,Rhea,Raychel,Rhea.Raychel@yopmail.com,Rhea.Raychel@gmail.com,doctor,711
811,Darci,Ackerley,Darci.Ackerley@yopmail.com,Darci.Ackerley@gmail.com,developer,712
812,Chloris,Douglass,Chloris.Douglass@yopmail.com,Chloris.Douglass@gmail.com,firefighter,713
813,Ida,Sparhawk,Ida.Sparhawk@yopmail.com,Ida.Sparhawk@gmail.com,police officer,714
814,Elise,Bronk,Elise.Bronk@yopmail.com,Elise.Bronk@gmail.com,firefighter,715
815,Marti,Morrill,Marti.Morrill@yopmail.com,Marti.Morrill@gmail.com,worker,716
816,Dyann,Riva,Dyann.Riva@yopmail.com,Dyann.Riva@gmail.com,police officer,717
817,Ekaterina,Barbey,Ekaterina.Barbey@yopmail.com,Ekaterina.Barbey@gmail.com,developer,718
818,Selia,Grobe,Selia.Grobe@yopmail.com,Selia.Grobe@gmail.com,doctor,719
819,Dorice,Zenas,Dorice.Zenas@yopmail.com,Dorice.Zenas@gmail.com,police officer,720
820,Charlena,Carmena,Charlena.Carmena@yopmail.com,Charlena.Carmena@gmail.com,police officer,721
821,Jolyn,Kosey,Jolyn.Kosey@yopmail.com,Jolyn.Kosey@gmail.com,doctor,722
822,Joeann,Norvol,Joeann.Norvol@yopmail.com,Joeann.Norvol@gmail.com,developer,723
823,Marika,Klotz,Marika.Klotz@yopmail.com,Marika.Klotz@gmail.com,worker,724
824,Alisha,Concha,Alisha.Concha@yopmail.com,Alisha.Concha@gmail.com,firefighter,725
825,Goldie,Kendrick,Goldie.Kendrick@yopmail.com,Goldie.Kendrick@gmail.com,developer,726
826,Glenda,Pernick,Glenda.Pernick@yopmail.com,Glenda.Pernick@gmail.com,worker,727
827,Karlee,Elephus,Karlee.Elephus@yopmail.com,Karlee.Elephus@gmail.com,worker,728
828,Blondelle,Cloris,Blondelle.Cloris@yopmail.com,Blondelle.Cloris@gmail.com,doctor,729
829,Laurene,Vilma,Laurene.Vilma@yopmail.com,Laurene.Vilma@gmail.com,police officer,730
830,Tilly,Carbo,Tilly.Carbo@yopmail.com,Tilly.Carbo@gmail.com,doctor,731
831,Lorie,Eachern,Lorie.Eachern@yopmail.com,Lorie.Eachern@gmail.com,firefighter,732
832,Janenna,Skurnik,Janenna.Skurnik@yopmail.com,Janenna.Skurnik@gmail.com,firefighter,733
833,Penelopa,Rocray,Penelopa.Rocray@yopmail.com,Penelopa.Rocray@gmail.com,firefighter,734
834,Ada,Yuille,Ada.Yuille@yopmail.com,Ada.Yuille@gmail.com,developer,735
835,Nelle,Luhe,Nelle.Luhe@yopmail.com,Nelle.Luhe@gmail.com,firefighter,736
836,Raina,Thad,Raina.Thad@yopmail.com,Raina.Thad@gmail.com,worker,737
837,Ileana,Harl,Ileana.Harl@yopmail.com,Ileana.Harl@gmail.com,developer,738
838,Sarette,Harriman,Sarette.Harriman@yopmail.com,Sarette.Harriman@gmail.com,doctor,739
839,Jessy,Jacobah,Jessy.Jacobah@yopmail.com,Jessy.Jacobah@gmail.com,doctor,740
840,Andeee,Joseph,Andeee.Joseph@yopmail.com,Andeee.Joseph@gmail.com,worker,741
841,Danika,Belldas,Danika.Belldas@yopmail.com,Danika.Belldas@gmail.com,firefighter,742
842,Nariko,Brenn,Nariko.Brenn@yopmail.com,Nariko.Brenn@gmail.com,firefighter,743
843,Magdalena,Bonucci,Magdalena.Bonucci@yopmail.com,Magdalena.Bonucci@gmail.com,police officer,744
844,Phedra,Desai,Phedra.Desai@yopmail.com,Phedra.Desai@gmail.com,developer,745
845,Rosaline,Belldas,Rosaline.Belldas@yopmail.com,Rosaline.Belldas@gmail.com,doctor,746
846,Therine,Cimbura,Therine.Cimbura@yopmail.com,Therine.Cimbura@gmail.com,police officer,747
847,Dorene,Clarissa,Dorene.Clarissa@yopmail.com,Dorene.Clarissa@gmail.com,doctor,748
848,Asia,Norrie,Asia.Norrie@yopmail.com,Asia.Norrie@gmail.com,developer,749
849,Lanae,Ingra,Lanae.Ingra@yopmail.com,Lanae.Ingra@gmail.com,firefighter,750
850,Dorothy,Old,Dorothy.Old@yopmail.com,Dorothy.Old@gmail.com,developer,751
851,Rosaline,Masao,Rosaline.Masao@yopmail.com,Rosaline.Masao@gmail.com,developer,752
852,Fred,Alcott,Fred.Alcott@yopmail.com,Fred.Alcott@gmail.com,worker,753
853,Marguerite,Rosalba,Marguerite.Rosalba@yopmail.com,Marguerite.Rosalba@gmail.com,doctor,754
854,Shaylyn,Tomasina,Shaylyn.Tomasina@yopmail.com,Shaylyn.Tomasina@gmail.com,firefighter,755
855,Leeanne,Wolfgram,Leeanne.Wolfgram@yopmail.com,Leeanne.Wolfgram@gmail.com,firefighter,756
856,Ada,Eiser,Ada.Eiser@yopmail.com,Ada.Eiser@gmail.com,worker,757
857,Kassey,Mayeda,Kassey.Mayeda@yopmail.com,Kassey.Mayeda@gmail.com,worker,758
858,Ericka,Lemuela,Ericka.Lemuela@yopmail.com,Ericka.Lemuela@gmail.com,police officer,759
859,Alisha,Ailyn,Alisha.Ailyn@yopmail.com,Alisha.Ailyn@gmail.com,doctor,760
860,Shell,Talia,Shell.Talia@yopmail.com,Shell.Talia@gmail.com,developer,761
861,Ernesta,Briney,Ernesta.Briney@yopmail.com,Ernesta.Briney@gmail.com,doctor,762
862,Julieta,Reidar,Julieta.Reidar@yopmail.com,Julieta.Reidar@gmail.com,doctor,763
863,Frank,Nunci,Frank.Nunci@yopmail.com,Frank.Nunci@gmail.com,doctor,764
864,Gratia,Lia,Gratia.Lia@yopmail.com,Gratia.Lia@gmail.com,police officer,765
865,Ezmeralda,Palocz,Ezmeralda.Palocz@yopmail.com,Ezmeralda.Palocz@gmail.com,worker,766
866,Marleah,Zamora,Marleah.Zamora@yopmail.com,Marleah.Zamora@gmail.com,police officer,767
867,Jordan,Klotz,Jordan.Klotz@yopmail.com,Jordan.Klotz@gmail.com,firefighter,768
868,Romona,Wilona,Romona.Wilona@yopmail.com,Romona.Wilona@gmail.com,worker,769
869,Shauna,Elephus,Shauna.Elephus@yopmail.com,Shauna.Elephus@gmail.com,firefighter,770
870,Arlina,Libna,Arlina.Libna@yopmail.com,Arlina.Libna@gmail.com,worker,771
871,Isa,Lane,Isa.Lane@yopmail.com,Isa.Lane@gmail.com,police officer,772
872,Fayre,Gaspard,Fayre.Gaspard@yopmail.com,Fayre.Gaspard@gmail.com,firefighter,773
873,Modestia,Emmaline,Modestia.Emmaline@yopmail.com,Modestia.Emmaline@gmail.com,doctor,774
874,Collen,Margret,Collen.Margret@yopmail.com,Collen.Margret@gmail.com,police officer,775
875,Rhoda,Zenas,Rhoda.Zenas@yopmail.com,Rhoda.Zenas@gmail.com,developer,776
876,Sadie,Pierette,Sadie.Pierette@yopmail.com,Sadie.Pierette@gmail.com,developer,777
877,Frances,Kaete,Frances.Kaete@yopmail.com,Frances.Kaete@gmail.com,developer,778
878,Yetty,Slifka,Yetty.Slifka@yopmail.com,Yetty.Slifka@gmail.com,police officer,779
879,Natka,Dulciana,Natka.Dulciana@yopmail.com,Natka.Dulciana@gmail.com,developer,780
880,Alyda,Brenn,Alyda.Brenn@yopmail.com,Alyda.Brenn@gmail.com,firefighter,781
881,Darlleen,Nickola,Darlleen.Nickola@yopmail.com,Darlleen.Nickola@gmail.com,developer,782
882,Aimil,Florina,Aimil.Florina@yopmail.com,Aimil.Florina@gmail.com,doctor,783
883,Linet,Tamsky,Linet.Tamsky@yopmail.com,Linet.Tamsky@gmail.com,developer,784
884,Loree,Braun,Loree.Braun@yopmail.com,Loree.Braun@gmail.com,worker,785
885,Jasmina,Joeann,Jasmina.Joeann@yopmail.com,Jasmina.Joeann@gmail.com,doctor,786
886,Leona,Chesna,Leona.Chesna@yopmail.com,Leona.Chesna@gmail.com,firefighter,787
887,Sallie,Kronfeld,Sallie.Kronfeld@yopmail.com,Sallie.Kronfeld@gmail.com,worker,788
888,Damaris,Drisko,Damaris.Drisko@yopmail.com,Damaris.Drisko@gmail.com,firefighter,789
889,Vevay,Richers,Vevay.Richers@yopmail.com,Vevay.Richers@gmail.com,developer,790
890,Marinna,Brandice,Marinna.Brandice@yopmail.com,Marinna.Brandice@gmail.com,developer,791
891,Sindee,Percy,Sindee.Percy@yopmail.com,Sindee.Percy@gmail.com,worker,792
892,Olwen,Dyche,Olwen.Dyche@yopmail.com,Olwen.Dyche@gmail.com,police officer,793
893,Bettine,Standing,Bettine.Standing@yopmail.com,Bettine.Standing@gmail.com,doctor,794
894,Anthia,Rebecka,Anthia.Rebecka@yopmail.com,Anthia.Rebecka@gmail.com,police officer,795
895,Coral,Santoro,Coral.Santoro@yopmail.com,Coral.Santoro@gmail.com,developer,796
896,Jacenta,Amand,Jacenta.Amand@yopmail.com,Jacenta.Amand@gmail.com,doctor,797
897,Asia,Thema,Asia.Thema@yopmail.com,Asia.Thema@gmail.com,police officer,798
898,Nonnah,Hazlett,Nonnah.Hazlett@yopmail.com,Nonnah.Hazlett@gmail.com,firefighter,799
899,Myriam,Wu,Myriam.Wu@yopmail.com,Myriam.Wu@gmail.com,developer,800
900,Goldie,Mozelle,Goldie.Mozelle@yopmail.com,Goldie.Mozelle@gmail.com,developer,801
901,Fina,Alarise,Fina.Alarise@yopmail.com,Fina.Alarise@gmail.com,developer,802
902,Lorne,Dominy,Lorne.Dominy@yopmail.com,Lorne.Dominy@gmail.com,worker,803
903,Kimmy,Pattin,Kimmy.Pattin@yopmail.com,Kimmy.Pattin@gmail.com,worker,804
904,Marinna,Anderea,Marinna.Anderea@yopmail.com,Marinna.Anderea@gmail.com,developer,805
905,Berget,Desai,Berget.Desai@yopmail.com,Berget.Desai@gmail.com,police officer,806
906,Rivalee,Bartlett,Rivalee.Bartlett@yopmail.com,Rivalee.Bartlett@gmail.com,firefighter,807
907,Tani,Firmin,Tani.Firmin@yopmail.com,Tani.Firmin@gmail.com,doctor,808
908,Roberta,Even,Roberta.Even@yopmail.com,Roberta.Even@gmail.com,developer,809
909,Quintina,Ledah,Quintina.Ledah@yopmail.com,Quintina.Ledah@gmail.com,police officer,810
910,Lenna,Bandeen,Lenna.Bandeen@yopmail.com,Lenna.Bandeen@gmail.com,police officer,811
911,Nyssa,Hashim,Nyssa.Hashim@yopmail.com,Nyssa.Hashim@gmail.com,police officer,812
912,Amara,Devlen,Amara.Devlen@yopmail.com,Amara.Devlen@gmail.com,firefighter,813
913,Celestyna,Rona,Celestyna.Rona@yopmail.com,Celestyna.Rona@gmail.com,doctor,814
914,Fredericka,Engdahl,Fredericka.Engdahl@yopmail.com,Fredericka.Engdahl@gmail.com,doctor,815
915,Meriel,Carleen,Meriel.Carleen@yopmail.com,Meriel.Carleen@gmail.com,developer,816
916,Annora,Brady,Annora.Brady@yopmail.com,Annora.Brady@gmail.com,doctor,817
917,Laurene,Rurik,Laurene.Rurik@yopmail.com,Laurene.Rurik@gmail.com,developer,818
918,Lorne,Colp,Lorne.Colp@yopmail.com,Lorne.Colp@gmail.com,developer,819
919,Nyssa,Jacobah,Nyssa.Jacobah@yopmail.com,Nyssa.Jacobah@gmail.com,worker,820
920,Florencia,Iiette,Florencia.Iiette@yopmail.com,Florencia.Iiette@gmail.com,firefighter,821
921,Cassandra,Suk,Cassandra.Suk@yopmail.com,Cassandra.Suk@gmail.com,doctor,822
922,Shell,Federica,Shell.Federica@yopmail.com,Shell.Federica@gmail.com,developer,823
923,Lynnea,Ellord,Lynnea.Ellord@yopmail.com,Lynnea.Ellord@gmail.com,firefighter,824
924,Mireielle,Janith,Mireielle.Janith@yopmail.com,Mireielle.Janith@gmail.com,doctor,825
925,Mara,Trey,Mara.Trey@yopmail.com,Mara.Trey@gmail.com,worker,826
926,Renae,Whiffen,Renae.Whiffen@yopmail.com,Renae.Whiffen@gmail.com,doctor,827
927,Kirstin,Avi,Kirstin.Avi@yopmail.com,Kirstin.Avi@gmail.com,developer,828
928,Margette,Celestine,Margette.Celestine@yopmail.com,Margette.Celestine@gmail.com,developer,829
929,Shel,Selway,Shel.Selway@yopmail.com,Shel.Selway@gmail.com,firefighter,830
930,Codie,Tristram,Codie.Tristram@yopmail.com,Codie.Tristram@gmail.com,police officer,831
931,Carolina,Nester,Carolina.Nester@yopmail.com,Carolina.Nester@gmail.com,developer,832
932,Krystle,Dreda,Krystle.Dreda@yopmail.com,Krystle.Dreda@gmail.com,doctor,833
933,Trudie,Dorine,Trudie.Dorine@yopmail.com,Trudie.Dorine@gmail.com,worker,834
934,Louella,Egbert,Louella.Egbert@yopmail.com,Louella.Egbert@gmail.com,worker,835
935,Mahalia,Jethro,Mahalia.Jethro@yopmail.com,Mahalia.Jethro@gmail.com,firefighter,836
936,Celestyna,Glenden,Celestyna.Glenden@yopmail.com,Celestyna.Glenden@gmail.com,developer,837
937,Maryellen,Klotz,Maryellen.Klotz@yopmail.com,Maryellen.Klotz@gmail.com,developer,838
938,Korrie,Pelagias,Korrie.Pelagias@yopmail.com,Korrie.Pelagias@gmail.com,firefighter,839
939,Gui,Sawtelle,Gui.Sawtelle@yopmail.com,Gui.Sawtelle@gmail.com,worker,840
940,Lynde,Xerxes,Lynde.Xerxes@yopmail.com,Lynde.Xerxes@gmail.com,developer,841
941,Lenna,Persse,Lenna.Persse@yopmail.com,Lenna.Persse@gmail.com,developer,842
942,Janey,Kunin,Janey.Kunin@yopmail.com,Janey.Kunin@gmail.com,firefighter,843
943,Janeczka,Faso,Janeczka.Faso@yopmail.com,Janeczka.Faso@gmail.com,doctor,844
944,Lyssa,Mandler,Lyssa.Mandler@yopmail.com,Lyssa.Mandler@gmail.com,worker,845
945,Alejandra,Jerald,Alejandra.Jerald@yopmail.com,Alejandra.Jerald@gmail.com,doctor,846
946,Merrie,Vins,Merrie.Vins@yopmail.com,Merrie.Vins@gmail.com,worker,847
947,Pierette,Junie,Pierette.Junie@yopmail.com,Pierette.Junie@gmail.com,worker,848
948,Heddie,Elvyn,Heddie.Elvyn@yopmail.com,Heddie.Elvyn@gmail.com,firefighter,849
949,Alejandra,Weinreb,Alejandra.Weinreb@yopmail.com,Alejandra.Weinreb@gmail.com,firefighter,850
950,Alexine,Hull,Alexine.Hull@yopmail.com,Alexine.Hull@gmail.com,developer,851
951,Candi,Fax,Candi.Fax@yopmail.com,Candi.Fax@gmail.com,police officer,852
952,Leontine,Sammons,Leontine.Sammons@yopmail.com,Leontine.Sammons@gmail.com,firefighter,853
953,Viviene,Aloise,Viviene.Aloise@yopmail.com,Viviene.Aloise@gmail.com,police officer,854
954,Dotty,Noman,Dotty.Noman@yopmail.com,Dotty.Noman@gmail.com,doctor,855
955,Modestia,Bettine,Modestia.Bettine@yopmail.com,Modestia.Bettine@gmail.com,police officer,856
956,Pamella,Viddah,Pamella.Viddah@yopmail.com,Pamella.Viddah@gmail.com,firefighter,857
957,Gui,Shields,Gui.Shields@yopmail.com,Gui.Shields@gmail.com,firefighter,858
958,Meghann,Wolfgram,Meghann.Wolfgram@yopmail.com,Meghann.Wolfgram@gmail.com,firefighter,859
959,Tonia,Mott,Tonia.Mott@yopmail.com,Tonia.Mott@gmail.com,worker,860
960,Fina,Alice,Fina.Alice@yopmail.com,Fina.Alice@gmail.com,police officer,861
961,Jolyn,Clarissa,Jolyn.Clarissa@yopmail.com,Jolyn.Clarissa@gmail.com,doctor,862
962,Mureil,Halla,Mureil.Halla@yopmail.com,Mureil.Halla@gmail.com,developer,863
963,Hannis,Braun,Hannis.Braun@yopmail.com,Hannis.Braun@gmail.com,developer,864
964,Neila,Bari,Neila.Bari@yopmail.com,Neila.Bari@gmail.com,doctor,865
965,Clarice,Clywd,Clarice.Clywd@yopmail.com,Clarice.Clywd@gmail.com,firefighter,866
966,Vita,Mata,Vita.Mata@yopmail.com,Vita.Mata@gmail.com,doctor,867
967,Jobi,Brady,Jobi.Brady@yopmail.com,Jobi.Brady@gmail.com,firefighter,868
968,Madeleine,Fiester,Madeleine.Fiester@yopmail.com,Madeleine.Fiester@gmail.com,firefighter,869
969,Mireielle,Morrill,Mireielle.Morrill@yopmail.com,Mireielle.Morrill@gmail.com,doctor,870
970,Sue,Bury,Sue.Bury@yopmail.com,Sue.Bury@gmail.com,developer,871
971,Fanny,Gualtiero,Fanny.Gualtiero@yopmail.com,Fanny.Gualtiero@gmail.com,worker,872
972,Lauryn,Zenas,Lauryn.Zenas@yopmail.com,Lauryn.Zenas@gmail.com,police officer,873
973,Lelah,Anton,Lelah.Anton@yopmail.com,Lelah.Anton@gmail.com,doctor,874
974,Georgetta,Anderea,Georgetta.Anderea@yopmail.com,Georgetta.Anderea@gmail.com,firefighter,875
975,Karlee,Chandler,Karlee.Chandler@yopmail.com,Karlee.Chandler@gmail.com,worker,876
976,Mariele,Faust,Mariele.Faust@yopmail.com,Mariele.Faust@gmail.com,firefighter,877
977,Paule,Carolin,Paule.Carolin@yopmail.com,Paule.Carolin@gmail.com,worker,878
978,Audrie,Janene,Audrie.Janene@yopmail.com,Audrie.Janene@gmail.com,police officer,879
979,Pollyanna,Peonir,Pollyanna.Peonir@yopmail.com,Pollyanna.Peonir@gmail.com,doctor,880
980,Randa,Amand,Randa.Amand@yopmail.com,Randa.Amand@gmail.com,doctor,881
981,Jasmina,Hebner,Jasmina.Hebner@yopmail.com,Jasmina.Hebner@gmail.com,doctor,882
982,Letizia,Moseley,Letizia.Moseley@yopmail.com,Letizia.Moseley@gmail.com,firefighter,883
983,Dode,Mullane,Dode.Mullane@yopmail.com,Dode.Mullane@gmail.com,police officer,884
984,Noelle,Greyson,Noelle.Greyson@yopmail.com,Noelle.Greyson@gmail.com,police officer,885
985,Britte,Madelene,Britte.Madelene@yopmail.com,Britte.Madelene@gmail.com,doctor,886
986,Di,Abernon,Di.Abernon@yopmail.com,Di.Abernon@gmail.com,police officer,887
987,Anestassia,Euridice,Anestassia.Euridice@yopmail.com,Anestassia.Euridice@gmail.com,firefighter,888
988,Shel,Gillan,Shel.Gillan@yopmail.com,Shel.Gillan@gmail.com,police officer,889
989,Pierette,Angelis,Pierette.Angelis@yopmail.com,Pierette.Angelis@gmail.com,developer,890
990,Damaris,Primalia,Damaris.Primalia@yopmail.com,Damaris.Primalia@gmail.com,developer,891
991,Ileana,Rugen,Ileana.Rugen@yopmail.com,Ileana.Rugen@gmail.com,police officer,892
992,Josephine,Sundin,Josephine.Sundin@yopmail.com,Josephine.Sundin@gmail.com,police officer,893
993,Emmey,Gilbertson,Emmey.Gilbertson@yopmail.com,Emmey.Gilbertson@gmail.com,police officer,894
994,Yvonne,Stefa,Yvonne.Stefa@yopmail.com,Yvonne.Stefa@gmail.com,police officer,895
995,Theodora,Leler,Theodora.Leler@yopmail.com,Theodora.Leler@gmail.com,worker,896
996,Oona,Fleeta,Oona.Fleeta@yopmail.com,Oona.Fleeta@gmail.com,doctor,897
997,Collen,Laverne,Collen.Laverne@yopmail.com,Collen.Laverne@gmail.com,doctor,898
998,Yolane,Revkah,Yolane.Revkah@yopmail.com,Yolane.Revkah@gmail.com,doctor,899
999,Luci,Hortensia,Luci.Hortensia@yopmail.com,Luci.Hortensia@gmail.com,police officer,900
1000,Consuela,Persse,Consuela.Persse@yopmail.com,Consuela.Persse@gmail.com,police officer,901
1001,Jeanna,Fairweather,Jeanna.Fairweather@yopmail.com,Jeanna.Fairweather@gmail.com,firefighter,902
1002,Larine,Bertold,Larine.Bertold@yopmail.com,Larine.Bertold@gmail.com,police officer,903
1003,Konstance,Virgin,Konstance.Virgin@yopmail.com,Konstance.Virgin@gmail.com,police officer,904
1004,Justinn,Honoria,Justinn.Honoria@yopmail.com,Justinn.Honoria@gmail.com,firefighter,905
1005,Ermengarde,Neva,Ermengarde.Neva@yopmail.com,Ermengarde.Neva@gmail.com,police officer,906
1006,Kellen,Wenda,Kellen.Wenda@yopmail.com,Kellen.Wenda@gmail.com,doctor,907
1007,Priscilla,Barbey,Priscilla.Barbey@yopmail.com,Priscilla.Barbey@gmail.com,worker,908
1008,Rubie,Gunn,Rubie.Gunn@yopmail.com,Rubie.Gunn@gmail.com,developer,909
1009,Lilith,Denis,Lilith.Denis@yopmail.com,Lilith.Denis@gmail.com,worker,910
1010,Shandie,Faro,Shandie.Faro@yopmail.com,Shandie.Faro@gmail.com,firefighter,911
1011,Kenna,Tremayne,Kenna.Tremayne@yopmail.com,Kenna.Tremayne@gmail.com,police officer,912
1012,Lynea,Riva,Lynea.Riva@yopmail.com,Lynea.Riva@gmail.com,firefighter,913
1013,Doralynne,Maryanne,Doralynne.Maryanne@yopmail.com,Doralynne.Maryanne@gmail.com,worker,914
1014,Dania,Alrich,Dania.Alrich@yopmail.com,Dania.Alrich@gmail.com,police officer,915
1015,Dione,Pettiford,Dione.Pettiford@yopmail.com,Dione.Pettiford@gmail.com,doctor,916
1016,Tori,Maurine,Tori.Maurine@yopmail.com,Tori.Maurine@gmail.com,doctor,917
1017,Andree,Holtz,Andree.Holtz@yopmail.com,Andree.Holtz@gmail.com,worker,918
1018,Heida,Ambrosia,Heida.Ambrosia@yopmail.com,Heida.Ambrosia@gmail.com,firefighter,919
1019,Sallie,Armanda,Sallie.Armanda@yopmail.com,Sallie.Armanda@gmail.com,developer,920
1020,Lusa,Stanwood,Lusa.Stanwood@yopmail.com,Lusa.Stanwood@gmail.com,police officer,921
1021,Ardeen,Fennessy,Ardeen.Fennessy@yopmail.com,Ardeen.Fennessy@gmail.com,firefighter,922
1022,Lindie,Chauncey,Lindie.Chauncey@yopmail.com,Lindie.Chauncey@gmail.com,police officer,923
1023,Ileana,Pacorro,Ileana.Pacorro@yopmail.com,Ileana.Pacorro@gmail.com,doctor,924
1024,Dennie,Kiersten,Dennie.Kiersten@yopmail.com,Dennie.Kiersten@gmail.com,worker,925
1025,Monika,Faust,Monika.Faust@yopmail.com,Monika.Faust@gmail.com,developer,926
1026,Evita,Helfand,Evita.Helfand@yopmail.com,Evita.Helfand@gmail.com,developer,927
1027,Hildegaard,Helfand,Hildegaard.Helfand@yopmail.com,Hildegaard.Helfand@gmail.com,police officer,928
1028,Roz,Wattenberg,Roz.Wattenberg@yopmail.com,Roz.Wattenberg@gmail.com,police officer,929
1029,Ilse,Lacombe,Ilse.Lacombe@yopmail.com,Ilse.Lacombe@gmail.com,doctor,930
1030,Lorne,Bonucci,Lorne.Bonucci@yopmail.com,Lorne.Bonucci@gmail.com,firefighter,931
1031,Jany,Obed,Jany.Obed@yopmail.com,Jany.Obed@gmail.com,firefighter,932
1032,Christal,Francyne,Christal.Francyne@yopmail.com,Christal.Francyne@gmail.com,worker,933
1033,Harrietta,Berriman,Harrietta.Berriman@yopmail.com,Harrietta.Berriman@gmail.com,worker,934
1034,Jaclyn,Noelyn,Jaclyn.Noelyn@yopmail.com,Jaclyn.Noelyn@gmail.com,firefighter,935
1035,Tarra,Tamsky,Tarra.Tamsky@yopmail.com,Tarra.Tamsky@gmail.com,developer,936
1036,Drucie,Koziara,Drucie.Koziara@yopmail.com,Drucie.Koziara@gmail.com,firefighter,937
1037,Marjie,Adore,Marjie.Adore@yopmail.com,Marjie.Adore@gmail.com,worker,938
1038,Tina,Kiersten,Tina.Kiersten@yopmail.com,Tina.Kiersten@gmail.com,doctor,939
1039,Candi,Rubie,Candi.Rubie@yopmail.com,Candi.Rubie@gmail.com,worker,940
1040,Amii,Salvidor,Amii.Salvidor@yopmail.com,Amii.Salvidor@gmail.com,developer,941
1041,Talya,Natica,Talya.Natica@yopmail.com,Talya.Natica@gmail.com,doctor,942
1042,Cristine,Armanda,Cristine.Armanda@yopmail.com,Cristine.Armanda@gmail.com,doctor,943
1043,Gloria,Harned,Gloria.Harned@yopmail.com,Gloria.Harned@gmail.com,worker,944
1044,Mady,Gualtiero,Mady.Gualtiero@yopmail.com,Mady.Gualtiero@gmail.com,police officer,945
1045,Donnie,Mandler,Donnie.Mandler@yopmail.com,Donnie.Mandler@gmail.com,firefighter,946
1046,Angela,Hubert,Angela.Hubert@yopmail.com,Angela.Hubert@gmail.com,police officer,947
1047,Ada,Rolf,Ada.Rolf@yopmail.com,Ada.Rolf@gmail.com,police officer,948
1048,Rubie,Goddard,Rubie.Goddard@yopmail.com,Rubie.Goddard@gmail.com,police officer,949
1049,Helsa,Quinn,Helsa.Quinn@yopmail.com,Helsa.Quinn@gmail.com,firefighter,950
1050,Monika,Klotz,Monika.Klotz@yopmail.com,Monika.Klotz@gmail.com,developer,951
1051,Xylina,Reidar,Xylina.Reidar@yopmail.com,Xylina.Reidar@gmail.com,doctor,952
1052,Ingrid,Remmer,Ingrid.Remmer@yopmail.com,Ingrid.Remmer@gmail.com,worker,953
1053,Pamella,Hermes,Pamella.Hermes@yopmail.com,Pamella.Hermes@gmail.com,developer,954
1054,Christian,Soneson,Christian.Soneson@yopmail.com,Christian.Soneson@gmail.com,police officer,955
1055,Olwen,Robertson,Olwen.Robertson@yopmail.com,Olwen.Robertson@gmail.com,firefighter,956
1056,Ann-Marie,Amasa,Ann-Marie.Amasa@yopmail.com,Ann-Marie.Amasa@gmail.com,doctor,957
1057,Janis,Sheng,Janis.Sheng@yopmail.com,Janis.Sheng@gmail.com,worker,958
1058,Kassey,Rudolph,Kassey.Rudolph@yopmail.com,Kassey.Rudolph@gmail.com,developer,959
1059,Kenna,Lea,Kenna.Lea@yopmail.com,Kenna.Lea@gmail.com,doctor,960
1060,Teriann,Dreda,Teriann.Dreda@yopmail.com,Teriann.Dreda@gmail.com,doctor,961
1061,Minda,Pauly,Minda.Pauly@yopmail.com,Minda.Pauly@gmail.com,worker,962
1062,Charlena,Prouty,Charlena.Prouty@yopmail.com,Charlena.Prouty@gmail.com,firefighter,963
1063,Courtnay,Reneta,Courtnay.Reneta@yopmail.com,Courtnay.Reneta@gmail.com,firefighter,964
1064,Selma,Read,Selma.Read@yopmail.com,Selma.Read@gmail.com,firefighter,965
1065,Cherilyn,Aprile,Cherilyn.Aprile@yopmail.com,Cherilyn.Aprile@gmail.com,police officer,966
1066,Karly,Rozanna,Karly.Rozanna@yopmail.com,Karly.Rozanna@gmail.com,police officer,967
1067,Vita,Rugen,Vita.Rugen@yopmail.com,Vita.Rugen@gmail.com,worker,968
1068,Caritta,Merell,Caritta.Merell@yopmail.com,Caritta.Merell@gmail.com,firefighter,969
1069,Jennica,Pattin,Jennica.Pattin@yopmail.com,Jennica.Pattin@gmail.com,police officer,970
1070,Jan,Konyn,Jan.Konyn@yopmail.com,Jan.Konyn@gmail.com,developer,971
1071,Madalyn,Sallyann,Madalyn.Sallyann@yopmail.com,Madalyn.Sallyann@gmail.com,doctor,972
1072,Lynnea,Poppy,Lynnea.Poppy@yopmail.com,Lynnea.Poppy@gmail.com,firefighter,973
1073,Sallie,Bobbee,Sallie.Bobbee@yopmail.com,Sallie.Bobbee@gmail.com,doctor,974
1074,Florie,Chapland,Florie.Chapland@yopmail.com,Florie.Chapland@gmail.com,worker,975
1075,Susette,Kolnick,Susette.Kolnick@yopmail.com,Susette.Kolnick@gmail.com,developer,976
1076,Charlena,Leffen,Charlena.Leffen@yopmail.com,Charlena.Leffen@gmail.com,doctor,977
1077,Trudie,Gwenore,Trudie.Gwenore@yopmail.com,Trudie.Gwenore@gmail.com,developer,978
1078,Micheline,Bivins,Micheline.Bivins@yopmail.com,Micheline.Bivins@gmail.com,police officer,979
1079,Delilah,Mintz,Delilah.Mintz@yopmail.com,Delilah.Mintz@gmail.com,doctor,980
1080,Raf,Hazlett,Raf.Hazlett@yopmail.com,Raf.Hazlett@gmail.com,developer,981
1081,Doralynne,Hewitt,Doralynne.Hewitt@yopmail.com,Doralynne.Hewitt@gmail.com,developer,982
1082,Leontine,Merell,Leontine.Merell@yopmail.com,Leontine.Merell@gmail.com,doctor,983
1083,Shaylyn,Durware,Shaylyn.Durware@yopmail.com,Shaylyn.Durware@gmail.com,firefighter,984
1084,Molli,Goerke,Molli.Goerke@yopmail.com,Molli.Goerke@gmail.com,doctor,985
1085,Kylynn,Sekofski,Kylynn.Sekofski@yopmail.com,Kylynn.Sekofski@gmail.com,worker,986
1086,Priscilla,Dermott,Priscilla.Dermott@yopmail.com,Priscilla.Dermott@gmail.com,developer,987
1087,Mahalia,Chapland,Mahalia.Chapland@yopmail.com,Mahalia.Chapland@gmail.com,worker,988
1088,Leanna,Hylan,Leanna.Hylan@yopmail.com,Leanna.Hylan@gmail.com,developer,989
1089,Morganica,Iiette,Morganica.Iiette@yopmail.com,Morganica.Iiette@gmail.com,developer,990
1090,Modestia,Raychel,Modestia.Raychel@yopmail.com,Modestia.Raychel@gmail.com,worker,991
1091,Marline,Meli,Marline.Meli@yopmail.com,Marline.Meli@gmail.com,firefighter,992
1092,Tori,Gilbertson,Tori.Gilbertson@yopmail.com,Tori.Gilbertson@gmail.com,firefighter,993
1093,Corry,Cath,Corry.Cath@yopmail.com,Corry.Cath@gmail.com,worker,994
1094,Charissa,Laurianne,Charissa.Laurianne@yopmail.com,Charissa.Laurianne@gmail.com,firefighter,995
1095,Steffane,Cornelia,Steffane.Cornelia@yopmail.com,Steffane.Cornelia@gmail.com,developer,996
1096,Alyssa,Stover,Alyssa.Stover@yopmail.com,Alyssa.Stover@gmail.com,developer,997
1097,Dode,Charmine,Dode.Charmine@yopmail.com,Dode.Charmine@gmail.com,developer,998
1098,Kimmy,Waldron,Kimmy.Waldron@yopmail.com,Kimmy.Waldron@gmail.com,doctor,999
1099,Bettine,Meli,Bettine.Meli@yopmail.com,Bettine.Meli@gmail.com,developer,1000